transaction_id,customer_id,business_unit,region,transaction_date,amount,status_code,segment,product_group
TXN00001,CUST052,Wholesale,South,2023-05-11,4625.49,ACTIVE,Segment B,Consumer
TXN00002,CUST055,Wholesale,North,2024-06-11,3304.08,ACTIVE,Segment C,Logistics
TXN00003,CUST037,Retail,South,2024-07-04,4418.38,ACTIVE,Segment A,Industrial
TXN00004,CUST014,Retail,West,2024-09-16,5707.22,ACTIVE,Segment B,Industrial
TXN00005,CUST010,Retail,South,2023-05-23,7505.34,CLOSED,Segment A,Logistics
TXN00006,CUST048,Retail,West,2024-01-22,6168.2,CLOSED,Segment B,Consumer
TXN00007,CUST001,Wholesale,South,2023-08-22,5317.0,ACTIVE,Segment B,Consumer
TXN00008,CUST030,Retail,West,2023-12-12,5871.29,ACTIVE,Segment B,Consumer
TXN00009,CUST022,Wholesale,East,2023-11-04,8207.87,ACTIVE,Segment B,Logistics
TXN00010,CUST001,Manufacturing,East,2023-01-29,4737.96,CLOSED,Segment A,Office
TXN00011,CUST027,Manufacturing,East,2024-12-24,1392.31,ACTIVE,Segment A,Consumer
TXN00012,CUST025,Manufacturing,West,2023-05-20,836.08,CLOSED,Segment A,Consumer
TXN00013,CUST017,Wholesale,East,2023-01-18,6911.94,ACTIVE,Segment B,Office
TXN00014,CUST001,Retail,South,2024-09-13,2130.39,CLOSED,Segment C,Consumer
TXN00015,CUST011,Retail,East,2023-05-18,792.12,ACTIVE,Segment B,Logistics
TXN00016,CUST056,Wholesale,South,2024-12-24,-693.66,ACTIVE,Segment B,Industrial
TXN00017,CUST009,Retail,West,2024-07-13,1235.91,ACTIVE,Segment B,Industrial
TXN00018,CUST040,Retail,South,2024-03-15,4514.42,ACTIVE,Segment A,Office
TXN00019,CUST056,Manufacturing,East,2024-02-10,-1948.93,ACTIVE,Segment C,Logistics
TXN00020,CUST020,Wholesale,South,2024-09-20,6459.26,ACTIVE,Segment B,Logistics
TXN00021,CUST012,Retail,West,2024-12-01,5872.78,ACTIVE,Segment A,Consumer
TXN00022,CUST044,Manufacturing,East,2024-11-18,1136.36,ACTIVE,Segment B,Consumer
TXN00023,CUST001,Wholesale,North,2023-09-16,8656.56,ACTIVE,Segment B,Logistics
TXN00024,CUST017,Manufacturing,South,2023-02-13,1532.87,ACTIVE,Segment B,Industrial
TXN00025,CUST015,Retail,West,2024-07-31,1150.64,ACTIVE,Segment B,Industrial
TXN00026,CUST015,Manufacturing,East,2023-12-18,-1857.48,ACTIVE,Segment A,Logistics
TXN00027,CUST042,Retail,East,2023-12-07,1550.82,CLOSED,Segment C,Consumer
TXN00028,CUST005,Manufacturing,West,2024-09-25,4921.94,ACTIVE,Segment B,Office
TXN00029,CUST014,Manufacturing,East,2024-09-13,7705.33,ACTIVE,Segment B,Industrial
TXN00030,CUST040,Wholesale,North,2023-10-24,2108.48,ACTIVE,Segment B,Office
TXN00031,CUST002,Manufacturing,South,2023-12-31,5099.98,ACTIVE,Segment B,Consumer
TXN00032,CUST040,Wholesale,East,2023-01-17,6023.06,ACTIVE,Segment A,Logistics
TXN00033,CUST052,Wholesale,East,2024-10-16,4197.75,ACTIVE,Segment A,Consumer
TXN00034,CUST002,Wholesale,South,2023-03-13,4410.2,ACTIVE,Segment A,Consumer
TXN00035,CUST038,Manufacturing,South,2023-12-27,4274.05,ACTIVE,Segment A,Industrial
TXN00036,CUST059,Retail,North,2023-04-22,-4161.58,ACTIVE,Segment C,Industrial
TXN00037,CUST039,Manufacturing,East,2023-12-23,2.56,ACTIVE,Segment B,Consumer
TXN00038,CUST047,Manufacturing,East,2023-01-07,2123.1,ACTIVE,Segment A,Industrial
TXN00039,CUST019,Retail,West,2023-02-25,7842.55,ACTIVE,Segment A,Industrial
TXN00040,CUST055,Retail,North,2023-06-13,10598.48,ACTIVE,Segment C,Logistics
TXN00041,CUST004,Retail,West,2024-12-22,3803.36,ACTIVE,Segment B,Logistics
TXN00042,CUST031,Wholesale,North,2023-05-30,4016.14,PENDING,Segment C,Industrial
TXN00043,CUST047,Wholesale,North,2024-06-22,6116.92,ACTIVE,Segment A,Logistics
TXN00044,CUST025,Manufacturing,East,2023-11-05,2213.51,CLOSED,Segment C,Consumer
TXN00045,CUST049,Manufacturing,West,2024-06-26,7960.83,ACTIVE,Segment B,Office
TXN00046,CUST055,Retail,North,2023-06-26,1326.11,ACTIVE,Segment A,Industrial
TXN00047,CUST036,Manufacturing,North,2024-06-01,10137.39,ACTIVE,Segment B,Office
TXN00048,CUST020,Retail,North,2023-01-31,4736.48,CLOSED,Segment A,Industrial
TXN00049,CUST058,Wholesale,North,2024-01-10,4698.74,ACTIVE,Segment B,Consumer
TXN00050,CUST006,Wholesale,South,2023-04-04,6818.97,ACTIVE,Segment B,Office
TXN00051,CUST007,Wholesale,West,2024-06-30,2301.58,ACTIVE,Segment C,Logistics
TXN00052,CUST053,Retail,West,2023-08-18,2094.13,ACTIVE,Segment C,Office
TXN00053,CUST051,Retail,West,2024-12-03,3632.74,ACTIVE,Segment A,Industrial
TXN00054,CUST045,Retail,East,2024-07-24,2543.88,ACTIVE,Segment C,Industrial
TXN00055,CUST048,Retail,North,2024-06-16,752.73,ACTIVE,Segment B,Office
TXN00056,CUST029,Wholesale,North,2023-09-06,4812.45,ACTIVE,Segment C,Industrial
TXN00057,CUST024,Retail,North,2024-11-19,3647.15,ACTIVE,Segment C,Logistics
TXN00058,CUST023,Wholesale,South,2023-08-22,6350.7,CLOSED,Segment A,Logistics
TXN00059,CUST014,Wholesale,North,2023-09-20,9230.71,ACTIVE,Segment B,Industrial
TXN00060,CUST003,Retail,South,2023-05-18,5310.68,ACTIVE,Segment B,Logistics
TXN00061,CUST035,Manufacturing,South,2024-07-07,8794.94,ACTIVE,Segment B,Industrial
TXN00062,CUST018,Manufacturing,West,2023-10-11,7590.54,ACTIVE,Segment A,Industrial
TXN00063,CUST056,Wholesale,South,2023-01-25,2443.06,ACTIVE,Segment B,Office
TXN00064,CUST045,Wholesale,South,2024-09-23,7801.05,ACTIVE,Segment B,Consumer
TXN00065,CUST055,Retail,East,2024-07-10,1556.55,ACTIVE,Segment A,Logistics
TXN00066,CUST037,Manufacturing,East,2023-07-29,5228.54,CLOSED,Segment A,Office
TXN00067,CUST011,Wholesale,North,2024-10-05,9260.41,ACTIVE,Segment C,Office
TXN00068,CUST009,Manufacturing,North,2024-10-23,5771.42,ACTIVE,Segment B,Office
TXN00069,CUST037,Manufacturing,North,2024-08-16,2175.12,ACTIVE,Segment C,Logistics
TXN00070,CUST037,Retail,West,2023-01-27,7824.18,ACTIVE,Segment B,Industrial
TXN00071,CUST030,Retail,North,2023-04-04,4336.12,CLOSED,Segment A,Office
TXN00072,CUST035,Manufacturing,West,2024-08-16,3472.98,ACTIVE,Segment B,Industrial
TXN00073,CUST039,Retail,East,2023-01-04,4285.53,CLOSED,Segment A,Logistics
TXN00074,CUST020,Manufacturing,West,2024-07-15,2291.33,ACTIVE,Segment C,Office
TXN00075,CUST013,Manufacturing,North,2023-10-19,1438.0,ACTIVE,Segment C,Industrial
TXN00076,CUST030,Manufacturing,East,2024-04-14,4319.58,ACTIVE,Segment C,Consumer
TXN00077,CUST060,Wholesale,South,2024-08-26,2241.02,ACTIVE,Segment A,Office
TXN00078,CUST053,Wholesale,South,2024-06-27,4816.92,ACTIVE,Segment A,Industrial
TXN00079,CUST006,Wholesale,South,2023-03-17,2068.84,PENDING,Segment B,Office
TXN00080,CUST013,Retail,South,2024-05-26,-4089.7,ACTIVE,Segment B,Consumer
TXN00081,CUST027,Wholesale,East,2024-06-07,5835.93,ACTIVE,Segment B,Office
TXN00082,CUST057,Manufacturing,North,2023-10-18,5584.04,ACTIVE,Segment C,Consumer
TXN00083,CUST041,Wholesale,East,2024-12-14,4084.48,ACTIVE,Segment A,Office
TXN00084,CUST036,Retail,South,2023-11-07,6406.87,ACTIVE,Segment C,Industrial
TXN00085,CUST010,Retail,West,2023-05-18,484.6,ACTIVE,Segment C,Industrial
TXN00086,CUST027,Manufacturing,South,2024-12-16,5839.16,ACTIVE,Segment A,Consumer
TXN00087,CUST029,Retail,North,2024-01-12,4630.94,ACTIVE,Segment B,Consumer
TXN00088,CUST030,Manufacturing,North,2023-02-26,6612.62,PENDING,Segment B,Logistics
TXN00089,CUST047,Retail,North,2024-04-07,-920.01,ACTIVE,Segment B,Logistics
TXN00090,CUST011,Manufacturing,West,2024-02-08,-1015.84,ACTIVE,Segment B,Industrial
TXN00091,CUST003,Wholesale,South,2024-03-06,4237.42,ACTIVE,Segment B,Logistics
TXN00092,CUST036,Manufacturing,West,2023-08-21,6732.07,ACTIVE,Segment C,Industrial
TXN00093,CUST017,Wholesale,West,2024-11-08,683.25,ACTIVE,Segment B,Industrial
TXN00094,CUST049,Retail,South,2023-05-31,3023.86,CLOSED,Segment B,Consumer
TXN00095,CUST057,Manufacturing,West,2023-03-10,6403.19,ACTIVE,Segment B,Consumer
TXN00096,CUST048,Wholesale,East,2023-09-11,817.46,ACTIVE,Segment C,Logistics
TXN00097,CUST037,Manufacturing,West,2024-06-19,7618.38,ACTIVE,Segment C,Consumer
TXN00098,CUST017,Retail,North,2023-03-24,3972.9,ACTIVE,Segment C,Logistics
TXN00099,CUST001,Wholesale,West,2024-05-31,1962.84,ACTIVE,Segment B,Logistics
TXN00100,CUST004,Wholesale,East,2024-01-11,5660.15,ACTIVE,Segment C,Office
TXN00101,CUST005,Manufacturing,South,2024-08-24,2534.9,ACTIVE,Segment C,Logistics
TXN00102,CUST056,Manufacturing,East,2024-12-19,7543.39,ACTIVE,Segment B,Consumer
TXN00103,CUST005,Retail,South,2023-08-09,-5933.69,PENDING,Segment C,Office
TXN00104,CUST017,Manufacturing,North,2024-09-06,1071.68,ACTIVE,Segment B,Consumer
TXN00105,CUST028,Manufacturing,South,2023-09-25,1932.98,ACTIVE,Segment C,Consumer
TXN00106,CUST033,Manufacturing,East,2024-07-21,300.86,ACTIVE,Segment C,Consumer
TXN00107,CUST029,Wholesale,East,2024-03-21,4765.28,ACTIVE,Segment C,Consumer
TXN00108,CUST033,Manufacturing,West,2024-11-26,6161.14,ACTIVE,Segment C,Industrial
TXN00109,CUST042,Manufacturing,East,2023-08-07,4012.61,ACTIVE,Segment B,Consumer
TXN00110,CUST005,Manufacturing,South,2024-12-06,3511.48,ACTIVE,Segment B,Industrial
TXN00111,CUST002,Manufacturing,West,2024-04-30,6933.23,CLOSED,Segment B,Office
TXN00112,CUST060,Manufacturing,South,2023-04-23,1462.67,ACTIVE,Segment B,Consumer
TXN00113,CUST045,Manufacturing,North,2024-01-18,5136.52,ACTIVE,Segment A,Industrial
TXN00114,CUST018,Manufacturing,North,2024-11-29,5934.12,ACTIVE,Segment B,Logistics
TXN00115,CUST009,Wholesale,West,2023-03-06,6976.29,ACTIVE,Segment A,Office
TXN00116,CUST052,Manufacturing,West,2024-12-06,5218.53,ACTIVE,Segment A,Industrial
TXN00117,CUST048,Retail,West,2024-07-27,9136.18,CLOSED,Segment C,Office
TXN00118,CUST033,Retail,North,2024-05-18,6825.43,ACTIVE,Segment C,Industrial
TXN00119,CUST013,Manufacturing,East,2024-03-02,4945.29,ACTIVE,Segment B,Office
TXN00120,CUST034,Manufacturing,South,2024-09-22,6320.46,ACTIVE,Segment B,Logistics
TXN00121,CUST023,Retail,West,2024-09-12,5054.59,PENDING,Segment C,Industrial
TXN00122,CUST002,Retail,South,2023-09-23,2613.3,PENDING,Segment A,Office
TXN00123,CUST022,Wholesale,North,2024-06-27,3800.89,ACTIVE,Segment A,Industrial
TXN00124,CUST042,Manufacturing,East,2023-12-08,3360.32,CLOSED,Segment B,Office
TXN00125,CUST055,Retail,West,2024-10-21,7691.66,ACTIVE,Segment C,Office
TXN00126,CUST001,Wholesale,North,2023-10-17,4787.48,ACTIVE,Segment C,Office
TXN00127,CUST007,Wholesale,North,2024-06-16,3396.87,ACTIVE,Segment B,Consumer
TXN00128,CUST040,Manufacturing,South,2024-11-25,6262.87,ACTIVE,Segment B,Office
TXN00129,CUST024,Wholesale,North,2023-02-10,3160.36,ACTIVE,Segment B,Logistics
TXN00130,CUST036,Retail,North,2024-07-09,2315.98,ACTIVE,Segment C,Consumer
TXN00131,CUST027,Manufacturing,East,2023-10-13,-1021.55,ACTIVE,Segment C,Logistics
TXN00132,CUST019,Retail,North,2024-12-25,159.15,ACTIVE,Segment A,Consumer
TXN00133,CUST010,Wholesale,East,2024-04-09,3835.13,ACTIVE,Segment B,Consumer
TXN00134,CUST047,Wholesale,North,2024-10-12,3265.42,ACTIVE,Segment B,Logistics
TXN00135,CUST046,Wholesale,North,2023-03-09,2677.93,ACTIVE,Segment C,Office
TXN00136,CUST028,Retail,North,2023-04-11,7246.36,ACTIVE,Segment A,Logistics
TXN00137,CUST018,Retail,East,2023-11-10,8840.82,ACTIVE,Segment B,Industrial
TXN00138,CUST023,Manufacturing,West,2023-11-23,787.89,ACTIVE,Segment B,Logistics
TXN00139,CUST031,Manufacturing,South,2024-07-14,3724.07,ACTIVE,Segment B,Industrial
TXN00140,CUST057,Wholesale,South,2023-10-30,5866.23,ACTIVE,Segment A,Logistics
TXN00141,CUST039,Retail,North,2024-07-31,4510.45,CLOSED,Segment A,Consumer
TXN00142,CUST036,Manufacturing,South,2024-05-18,9125.54,ACTIVE,Segment C,Logistics
TXN00143,CUST009,Manufacturing,East,2024-05-13,7040.55,ACTIVE,Segment B,Consumer
TXN00144,CUST043,Wholesale,East,2023-08-03,4637.54,ACTIVE,Segment B,Consumer
TXN00145,CUST034,Wholesale,West,2023-10-24,5296.99,ACTIVE,Segment B,Logistics
TXN00146,CUST002,Wholesale,West,2023-01-05,-496.09,ACTIVE,Segment A,Logistics
TXN00147,CUST034,Manufacturing,South,2023-04-13,3392.79,ACTIVE,Segment A,Logistics
TXN00148,CUST059,Wholesale,West,2024-11-02,5299.08,ACTIVE,Segment A,Office
TXN00149,CUST039,Retail,North,2024-12-18,-1535.15,ACTIVE,Segment C,Industrial
TXN00150,CUST020,Manufacturing,North,2024-04-02,-1192.2,PENDING,Segment B,Consumer
TXN00151,CUST045,Manufacturing,West,2023-08-18,2537.71,ACTIVE,Segment B,Logistics
TXN00152,CUST008,Wholesale,West,2023-01-09,1810.36,ACTIVE,Segment C,Logistics
TXN00153,CUST031,Retail,East,2023-08-09,6031.62,ACTIVE,Segment A,Office
TXN00154,CUST050,Wholesale,East,2024-03-15,4244.58,ACTIVE,Segment A,Logistics
TXN00155,CUST009,Wholesale,West,2024-02-26,1307.5,CLOSED,Segment A,Office
TXN00156,CUST001,Manufacturing,West,2024-04-27,7442.23,ACTIVE,Segment B,Logistics
TXN00157,CUST024,Manufacturing,West,2024-03-26,3623.22,CLOSED,Segment B,Industrial
TXN00158,CUST014,Retail,South,2023-12-14,9616.9,PENDING,Segment A,Consumer
TXN00159,CUST045,Manufacturing,North,2024-05-27,4807.23,CLOSED,Segment B,Consumer
TXN00160,CUST049,Wholesale,South,2024-11-15,5033.37,ACTIVE,Segment C,Office
TXN00161,CUST008,Wholesale,South,2024-02-16,3715.9,ACTIVE,Segment B,Logistics
TXN00162,CUST056,Manufacturing,North,2023-04-11,6783.78,ACTIVE,Segment B,Logistics
TXN00163,CUST034,Manufacturing,North,2023-09-16,2599.74,CLOSED,Segment B,Office
TXN00164,CUST051,Manufacturing,East,2023-05-18,4937.51,ACTIVE,Segment B,Logistics
TXN00165,CUST007,Manufacturing,West,2023-03-11,-6275.21,CLOSED,Segment A,Logistics
TXN00166,CUST022,Wholesale,East,2024-08-13,-2077.26,PENDING,Segment A,Industrial
TXN00167,CUST036,Wholesale,North,2023-11-13,5552.91,ACTIVE,Segment B,Consumer
TXN00168,CUST018,Wholesale,South,2024-04-01,4427.4,ACTIVE,Segment B,Office
TXN00169,CUST047,Retail,North,2023-05-08,5499.98,ACTIVE,Segment C,Consumer
TXN00170,CUST033,Manufacturing,West,2023-01-22,7459.2,ACTIVE,Segment B,Logistics
TXN00171,CUST016,Retail,West,2023-04-10,5801.84,ACTIVE,Segment C,Logistics
TXN00172,CUST042,Manufacturing,East,2023-12-03,5098.94,ACTIVE,Segment B,Office
TXN00173,CUST057,Retail,North,2024-05-15,2881.11,ACTIVE,Segment A,Office
TXN00174,CUST030,Manufacturing,East,2024-02-19,4986.45,ACTIVE,Segment C,Logistics
TXN00175,CUST039,Wholesale,East,2024-08-02,-1787.26,ACTIVE,Segment B,Industrial
TXN00176,CUST019,Wholesale,West,2024-02-04,4240.16,ACTIVE,Segment B,Industrial
TXN00177,CUST008,Retail,East,2023-12-04,3519.09,ACTIVE,Segment B,Industrial
TXN00178,CUST042,Manufacturing,West,2023-09-22,6561.33,ACTIVE,Segment B,Industrial
TXN00179,CUST040,Wholesale,North,2023-11-28,5531.55,ACTIVE,Segment A,Consumer
TXN00180,CUST057,Wholesale,North,2024-12-19,1847.21,ACTIVE,Segment B,Consumer
TXN00181,CUST022,Wholesale,North,2024-09-11,3357.81,ACTIVE,Segment C,Logistics
TXN00182,CUST005,Wholesale,North,2024-02-05,4112.18,ACTIVE,Segment B,Office
TXN00183,CUST018,Retail,East,2023-09-30,6827.36,ACTIVE,Segment A,Office
TXN00184,CUST023,Manufacturing,North,2024-08-14,6450.55,ACTIVE,Segment B,Logistics
TXN00185,CUST029,Wholesale,South,2023-03-18,1333.9,ACTIVE,Segment C,Logistics
TXN00186,CUST014,Manufacturing,East,2023-01-15,4493.22,PENDING,Segment B,Office
TXN00187,CUST032,Wholesale,North,2024-12-24,5031.19,ACTIVE,Segment A,Consumer
TXN00188,CUST018,Manufacturing,East,2024-11-18,2157.61,ACTIVE,Segment C,Logistics
TXN00189,CUST015,Wholesale,North,2024-01-03,5284.27,ACTIVE,Segment C,Industrial
TXN00190,CUST036,Manufacturing,East,2024-06-24,1927.69,ACTIVE,Segment A,Office
TXN00191,CUST010,Retail,West,2023-05-20,7414.21,CLOSED,Segment C,Industrial
TXN00192,CUST030,Manufacturing,North,2023-09-13,5139.01,ACTIVE,Segment B,Industrial
TXN00193,CUST014,Retail,East,2024-02-14,1435.81,CLOSED,Segment A,Logistics
TXN00194,CUST031,Retail,East,2024-04-17,4732.51,ACTIVE,Segment B,Logistics
TXN00195,CUST009,Manufacturing,West,2023-11-01,2104.95,CLOSED,Segment B,Office
TXN00196,CUST019,Retail,South,2024-07-26,1672.73,ACTIVE,Segment C,Office
TXN00197,CUST011,Wholesale,East,2023-06-11,5599.17,ACTIVE,Segment C,Office
TXN00198,CUST046,Retail,South,2024-10-24,4955.79,ACTIVE,Segment A,Consumer
TXN00199,CUST023,Manufacturing,South,2023-06-20,-828.76,ACTIVE,Segment A,Consumer
TXN00200,CUST039,Wholesale,West,2023-10-05,5050.02,CLOSED,Segment C,Logistics
TXN00201,CUST057,Manufacturing,West,2024-11-04,5184.6,ACTIVE,Segment B,Consumer
TXN00202,CUST056,Wholesale,North,2024-04-25,1771.69,ACTIVE,Segment A,Consumer
TXN00203,CUST054,Retail,East,2024-09-09,2254.88,ACTIVE,Segment C,Consumer
TXN00204,CUST055,Wholesale,North,2024-09-03,769.38,PENDING,Segment A,Consumer
TXN00205,CUST040,Retail,West,2024-03-05,4533.31,ACTIVE,Segment C,Consumer
TXN00206,CUST014,Retail,South,2023-12-16,3525.37,ACTIVE,Segment A,Industrial
TXN00207,CUST042,Wholesale,East,2023-03-06,4188.69,ACTIVE,Segment B,Consumer
TXN00208,CUST009,Wholesale,North,2024-03-08,328.06,ACTIVE,Segment B,Office
TXN00209,CUST053,Wholesale,South,2023-07-06,5304.4,ACTIVE,Segment C,Consumer
TXN00210,CUST043,Retail,North,2023-08-29,5309.84,ACTIVE,Segment C,Consumer
TXN00211,CUST050,Manufacturing,West,2023-03-27,2980.41,ACTIVE,Segment C,Consumer
TXN00212,CUST038,Retail,East,2023-09-14,1682.33,ACTIVE,Segment A,Consumer
TXN00213,CUST029,Retail,South,2023-10-30,2915.25,CLOSED,Segment B,Industrial
TXN00214,CUST016,Manufacturing,West,2023-10-23,4443.35,ACTIVE,Segment B,Industrial
TXN00215,CUST004,Retail,North,2023-07-25,4359.1,ACTIVE,Segment B,Logistics
TXN00216,CUST049,Manufacturing,South,2024-11-21,5176.01,ACTIVE,Segment B,Industrial
TXN00217,CUST053,Retail,South,2023-07-28,2828.02,CLOSED,Segment A,Consumer
TXN00218,CUST004,Retail,North,2023-11-02,3721.91,CLOSED,Segment A,Office
TXN00219,CUST047,Wholesale,East,2023-02-06,1563.09,ACTIVE,Segment C,Consumer
TXN00220,CUST058,Manufacturing,North,2023-01-14,1539.92,CLOSED,Segment A,Logistics
TXN00221,CUST024,Wholesale,North,2024-04-25,3671.35,ACTIVE,Segment B,Logistics
TXN00222,CUST026,Wholesale,South,2024-10-14,642.23,ACTIVE,Segment C,Industrial
TXN00223,CUST033,Wholesale,West,2024-04-11,151.11,ACTIVE,Segment B,Industrial
TXN00224,CUST042,Retail,North,2024-09-02,960.24,CLOSED,Segment B,Logistics
TXN00225,CUST028,Manufacturing,North,2023-11-14,2439.32,ACTIVE,Segment B,Office
TXN00226,CUST048,Wholesale,West,2023-10-01,3669.4,ACTIVE,Segment A,Logistics
TXN00227,CUST022,Retail,East,2023-10-13,9293.66,PENDING,Segment B,Logistics
TXN00228,CUST050,Manufacturing,East,2023-08-21,5251.88,ACTIVE,Segment C,Industrial
TXN00229,CUST037,Retail,West,2023-11-10,2441.01,ACTIVE,Segment B,Office
TXN00230,CUST047,Retail,South,2023-07-22,-1755.94,ACTIVE,Segment B,Industrial
TXN00231,CUST039,Wholesale,North,2023-10-10,-2686.37,ACTIVE,Segment B,Office
TXN00232,CUST050,Manufacturing,East,2024-03-11,2892.04,ACTIVE,Segment B,Industrial
TXN00233,CUST039,Wholesale,South,2023-02-28,5541.08,ACTIVE,Segment A,Industrial
TXN00234,CUST018,Retail,South,2023-06-14,1888.11,CLOSED,Segment A,Industrial
TXN00235,CUST008,Manufacturing,South,2024-05-11,4592.9,CLOSED,Segment B,Industrial
TXN00236,CUST056,Retail,West,2023-12-17,4109.92,ACTIVE,Segment B,Industrial
TXN00237,CUST042,Wholesale,North,2023-06-02,-373.93,ACTIVE,Segment A,Logistics
TXN00238,CUST014,Manufacturing,South,2023-01-08,4852.0,ACTIVE,Segment C,Logistics
TXN00239,CUST025,Retail,South,2023-06-16,3389.91,ACTIVE,Segment B,Logistics
TXN00240,CUST004,Wholesale,North,2023-05-01,3809.75,ACTIVE,Segment A,Consumer
TXN00241,CUST051,Wholesale,North,2023-05-11,4222.46,ACTIVE,Segment B,Logistics
TXN00242,CUST046,Manufacturing,East,2023-01-09,6615.76,ACTIVE,Segment A,Consumer
TXN00243,CUST015,Manufacturing,East,2023-01-22,1245.31,ACTIVE,Segment B,Logistics
TXN00244,CUST053,Manufacturing,North,2024-06-17,1829.15,CLOSED,Segment A,Office
TXN00245,CUST015,Retail,East,2024-01-22,6458.46,ACTIVE,Segment C,Consumer
TXN00246,CUST044,Wholesale,South,2024-04-06,2876.95,ACTIVE,Segment A,Logistics
TXN00247,CUST060,Retail,South,2024-11-26,4779.52,ACTIVE,Segment C,Office
TXN00248,CUST045,Manufacturing,East,2023-12-12,1628.75,ACTIVE,Segment C,Logistics
TXN00249,CUST042,Retail,East,2023-07-15,3953.99,PENDING,Segment B,Office
TXN00250,CUST004,Wholesale,East,2023-07-02,4740.17,PENDING,Segment B,Industrial
TXN00251,CUST001,Wholesale,South,2024-11-10,1146.33,ACTIVE,Segment A,Office
TXN00252,CUST019,Manufacturing,East,2024-12-10,5069.62,ACTIVE,Segment B,Logistics
TXN00253,CUST038,Retail,West,2024-04-03,-7104.74,ACTIVE,Segment A,Consumer
TXN00254,CUST027,Manufacturing,West,2024-05-05,9100.5,ACTIVE,Segment C,Consumer
TXN00255,CUST029,Manufacturing,South,2023-08-04,-1918.22,ACTIVE,Segment A,Consumer
TXN00256,CUST054,Retail,North,2024-09-17,3281.18,ACTIVE,Segment B,Consumer
TXN00257,CUST018,Retail,East,2023-09-13,-2889.9,ACTIVE,Segment C,Logistics
TXN00258,CUST048,Retail,South,2023-09-03,3543.22,CLOSED,Segment A,Industrial
TXN00259,CUST047,Wholesale,North,2023-11-16,5595.22,CLOSED,Segment B,Consumer
TXN00260,CUST048,Wholesale,South,2023-08-23,1246.4,ACTIVE,Segment A,Office
TXN00261,CUST052,Retail,East,2024-06-26,1398.75,ACTIVE,Segment A,Industrial
TXN00262,CUST011,Retail,South,2024-10-28,3029.81,ACTIVE,Segment A,Logistics
TXN00263,CUST041,Manufacturing,North,2023-07-06,7726.88,ACTIVE,Segment B,Office
TXN00264,CUST007,Retail,South,2023-12-01,-2013.77,CLOSED,Segment A,Industrial
TXN00265,CUST001,Wholesale,North,2024-06-23,3535.56,ACTIVE,Segment B,Industrial
TXN00266,CUST003,Retail,East,2024-09-02,4851.01,ACTIVE,Segment A,Office
TXN00267,CUST023,Manufacturing,South,2023-10-10,3585.72,ACTIVE,Segment A,Industrial
TXN00268,CUST060,Manufacturing,West,2023-09-19,5579.53,ACTIVE,Segment C,Industrial
TXN00269,CUST007,Manufacturing,North,2024-04-27,1942.7,ACTIVE,Segment C,Industrial
TXN00270,CUST057,Retail,South,2023-05-27,3282.58,ACTIVE,Segment A,Office
TXN00271,CUST044,Retail,North,2023-06-01,4723.29,CLOSED,Segment A,Consumer
TXN00272,CUST002,Wholesale,North,2023-02-12,2575.46,ACTIVE,Segment A,Office
TXN00273,CUST045,Manufacturing,East,2023-04-10,5243.3,ACTIVE,Segment C,Consumer
TXN00274,CUST015,Wholesale,North,2023-01-17,5071.14,ACTIVE,Segment A,Industrial
TXN00275,CUST037,Manufacturing,North,2024-02-14,-2659.49,ACTIVE,Segment B,Consumer
TXN00276,CUST017,Manufacturing,South,2024-07-28,6556.87,ACTIVE,Segment B,Logistics
TXN00277,CUST023,Wholesale,West,2024-09-10,10750.2,ACTIVE,Segment C,Consumer
TXN00278,CUST027,Retail,East,2024-09-10,3835.75,ACTIVE,Segment C,Industrial
TXN00279,CUST013,Retail,West,2024-12-21,7016.64,PENDING,Segment A,Industrial
TXN00280,CUST024,Retail,South,2023-08-08,1415.84,ACTIVE,Segment A,Office
TXN00281,CUST052,Wholesale,South,2024-03-05,6078.89,ACTIVE,Segment A,Consumer
TXN00282,CUST045,Retail,North,2023-03-30,-564.62,ACTIVE,Segment B,Office
TXN00283,CUST011,Retail,South,2024-03-07,80.19,ACTIVE,Segment B,Consumer
TXN00284,CUST043,Manufacturing,South,2023-08-11,-5226.49,ACTIVE,Segment B,Consumer
TXN00285,CUST006,Wholesale,North,2023-04-13,7510.2,ACTIVE,Segment B,Logistics
TXN00286,CUST049,Retail,East,2024-03-29,2816.23,ACTIVE,Segment B,Office
TXN00287,CUST021,Manufacturing,South,2024-12-01,62.15,ACTIVE,Segment B,Consumer
TXN00288,CUST060,Manufacturing,West,2023-07-17,6647.04,ACTIVE,Segment A,Office
TXN00289,CUST058,Retail,South,2024-10-23,6975.0,ACTIVE,Segment A,Industrial
TXN00290,CUST017,Wholesale,West,2024-08-03,3142.72,CLOSED,Segment A,Industrial
TXN00291,CUST053,Manufacturing,South,2024-05-24,4142.13,CLOSED,Segment C,Industrial
TXN00292,CUST010,Retail,West,2023-09-03,5024.74,PENDING,Segment B,Consumer
TXN00293,CUST041,Manufacturing,South,2023-04-03,569.29,ACTIVE,Segment B,Consumer
TXN00294,CUST005,Retail,West,2023-11-08,3981.4,CLOSED,Segment A,Logistics
TXN00295,CUST036,Wholesale,South,2023-06-30,4797.05,ACTIVE,Segment C,Office
TXN00296,CUST006,Wholesale,East,2024-05-22,7496.94,ACTIVE,Segment A,Consumer
TXN00297,CUST020,Manufacturing,East,2023-08-22,1007.21,ACTIVE,Segment B,Office
TXN00298,CUST028,Wholesale,East,2023-02-09,1077.83,ACTIVE,Segment B,Consumer
TXN00299,CUST023,Retail,East,2023-06-16,4189.83,ACTIVE,Segment A,Office
TXN00300,CUST051,Retail,West,2023-10-30,3289.74,ACTIVE,Segment B,Logistics
TXN00301,CUST035,Wholesale,North,2023-06-12,7008.87,PENDING,Segment C,Office
TXN00302,CUST044,Wholesale,West,2023-05-01,3970.8,ACTIVE,Segment A,Consumer
TXN00303,CUST003,Manufacturing,East,2023-01-21,4871.45,ACTIVE,Segment A,Industrial
TXN00304,CUST056,Manufacturing,West,2024-12-14,826.58,PENDING,Segment A,Consumer
TXN00305,CUST007,Wholesale,West,2023-06-10,4622.59,CLOSED,Segment A,Office
TXN00306,CUST010,Wholesale,West,2023-10-09,479.73,ACTIVE,Segment B,Industrial
TXN00307,CUST043,Manufacturing,South,2023-08-13,-2509.93,CLOSED,Segment A,Office
TXN00308,CUST039,Manufacturing,West,2024-11-12,5753.31,ACTIVE,Segment C,Logistics
TXN00309,CUST034,Wholesale,South,2024-07-27,1559.43,ACTIVE,Segment C,Logistics
TXN00310,CUST018,Retail,South,2024-05-19,2944.93,CLOSED,Segment B,Consumer
TXN00311,CUST001,Retail,North,2024-10-25,4306.49,ACTIVE,Segment B,Office
TXN00312,CUST003,Manufacturing,West,2024-09-02,1663.82,ACTIVE,Segment A,Consumer
TXN00313,CUST021,Manufacturing,South,2024-07-19,5066.66,ACTIVE,Segment B,Logistics
TXN00314,CUST038,Manufacturing,South,2024-09-29,5073.62,ACTIVE,Segment B,Industrial
TXN00315,CUST025,Wholesale,West,2024-05-16,5710.91,ACTIVE,Segment A,Industrial
TXN00316,CUST042,Retail,East,2024-04-08,2933.9,ACTIVE,Segment A,Logistics
TXN00317,CUST019,Wholesale,West,2024-12-27,-78.52,ACTIVE,Segment B,Consumer
TXN00318,CUST017,Manufacturing,North,2023-05-24,5804.87,ACTIVE,Segment A,Office
TXN00319,CUST008,Manufacturing,East,2023-02-24,3695.38,ACTIVE,Segment B,Logistics
TXN00320,CUST057,Retail,North,2023-08-02,4906.0,ACTIVE,Segment A,Industrial
TXN00321,CUST056,Retail,North,2024-02-21,3651.0,CLOSED,Segment B,Industrial
TXN00322,CUST037,Manufacturing,West,2023-11-25,3464.42,ACTIVE,Segment A,Logistics
TXN00323,CUST025,Manufacturing,East,2024-02-23,1532.39,CLOSED,Segment A,Logistics
TXN00324,CUST015,Retail,East,2024-01-18,5632.0,ACTIVE,Segment C,Logistics
TXN00325,CUST029,Wholesale,West,2024-03-06,5490.99,ACTIVE,Segment A,Logistics
TXN00326,CUST022,Retail,West,2023-07-11,941.26,ACTIVE,Segment A,Logistics
TXN00327,CUST053,Manufacturing,West,2023-02-28,5655.76,ACTIVE,Segment B,Office
TXN00328,CUST053,Retail,East,2023-10-25,599.07,ACTIVE,Segment A,Consumer
TXN00329,CUST033,Retail,West,2023-06-30,6914.88,ACTIVE,Segment C,Logistics
TXN00330,CUST060,Manufacturing,East,2023-07-10,-138.1,ACTIVE,Segment A,Industrial
TXN00331,CUST006,Wholesale,West,2024-01-08,6647.81,CLOSED,Segment B,Industrial
TXN00332,CUST031,Wholesale,West,2023-08-27,3146.26,ACTIVE,Segment C,Consumer
TXN00333,CUST025,Manufacturing,North,2023-03-03,4102.52,ACTIVE,Segment C,Office
TXN00334,CUST045,Wholesale,South,2024-10-11,2424.33,ACTIVE,Segment B,Logistics
TXN00335,CUST021,Manufacturing,North,2024-04-26,685.73,ACTIVE,Segment A,Industrial
TXN00336,CUST038,Manufacturing,North,2023-12-19,4764.35,PENDING,Segment C,Consumer
TXN00337,CUST058,Manufacturing,North,2023-12-11,4378.46,CLOSED,Segment B,Office
TXN00338,CUST054,Wholesale,North,2024-05-31,6284.85,ACTIVE,Segment C,Industrial
TXN00339,CUST039,Manufacturing,West,2024-02-25,146.11,ACTIVE,Segment C,Industrial
TXN00340,CUST031,Wholesale,East,2024-06-13,-604.46,ACTIVE,Segment C,Logistics
TXN00341,CUST022,Wholesale,West,2023-05-12,5684.3,ACTIVE,Segment A,Industrial
TXN00342,CUST056,Manufacturing,North,2024-11-16,3172.85,ACTIVE,Segment B,Industrial
TXN00343,CUST004,Wholesale,North,2023-06-28,2298.15,ACTIVE,Segment A,Logistics
TXN00344,CUST006,Manufacturing,North,2024-03-12,983.66,CLOSED,Segment C,Office
TXN00345,CUST025,Retail,North,2023-08-25,8601.16,ACTIVE,Segment C,Industrial
TXN00346,CUST020,Manufacturing,South,2024-03-15,1777.05,ACTIVE,Segment A,Office
TXN00347,CUST013,Manufacturing,North,2023-07-03,5311.71,CLOSED,Segment B,Industrial
TXN00348,CUST016,Retail,West,2023-08-02,4889.34,ACTIVE,Segment B,Consumer
TXN00349,CUST057,Manufacturing,West,2024-12-23,7158.85,ACTIVE,Segment B,Office
TXN00350,CUST057,Manufacturing,South,2023-05-10,-4145.71,ACTIVE,Segment C,Office
TXN00351,CUST043,Retail,South,2024-05-20,5261.41,CLOSED,Segment B,Office
TXN00352,CUST026,Wholesale,South,2023-05-30,4564.29,CLOSED,Segment B,Office
TXN00353,CUST015,Retail,North,2024-06-28,-510.42,ACTIVE,Segment C,Office
TXN00354,CUST057,Retail,West,2023-12-10,5475.11,ACTIVE,Segment A,Industrial
TXN00355,CUST010,Retail,South,2024-07-06,4838.43,PENDING,Segment C,Consumer
TXN00356,CUST031,Retail,North,2023-06-03,3619.59,ACTIVE,Segment A,Consumer
TXN00357,CUST023,Retail,North,2023-02-11,2205.49,ACTIVE,Segment C,Industrial
TXN00358,CUST010,Manufacturing,East,2023-05-28,4993.58,ACTIVE,Segment C,Logistics
TXN00359,CUST024,Manufacturing,South,2024-02-24,3465.94,ACTIVE,Segment A,Consumer
TXN00360,CUST003,Retail,South,2023-12-09,-2319.09,ACTIVE,Segment A,Consumer
TXN00361,CUST056,Retail,South,2023-03-22,-3905.59,ACTIVE,Segment C,Logistics
TXN00362,CUST060,Manufacturing,East,2024-05-28,2346.82,ACTIVE,Segment A,Consumer
TXN00363,CUST057,Retail,West,2024-03-24,4879.23,ACTIVE,Segment A,Consumer
TXN00364,CUST038,Wholesale,North,2023-09-18,3745.23,CLOSED,Segment C,Industrial
TXN00365,CUST051,Manufacturing,South,2023-07-29,802.33,CLOSED,Segment B,Consumer
TXN00366,CUST051,Retail,South,2023-12-22,5586.05,ACTIVE,Segment A,Logistics
TXN00367,CUST039,Wholesale,East,2024-03-21,844.3,ACTIVE,Segment C,Logistics
TXN00368,CUST043,Wholesale,East,2024-11-07,2701.72,ACTIVE,Segment B,Logistics
TXN00369,CUST019,Retail,West,2024-11-26,8466.96,ACTIVE,Segment B,Industrial
TXN00370,CUST052,Manufacturing,South,2023-10-25,3890.37,ACTIVE,Segment B,Consumer
TXN00371,CUST021,Retail,South,2024-10-12,5106.56,ACTIVE,Segment B,Logistics
TXN00372,CUST038,Wholesale,East,2023-03-17,3115.95,ACTIVE,Segment B,Industrial
TXN00373,CUST045,Retail,South,2024-06-25,5478.97,ACTIVE,Segment A,Logistics
TXN00374,CUST036,Manufacturing,East,2023-06-15,3031.46,ACTIVE,Segment A,Office
TXN00375,CUST016,Retail,South,2023-05-25,137.02,ACTIVE,Segment A,Industrial
TXN00376,CUST041,Wholesale,East,2023-04-25,3231.11,ACTIVE,Segment B,Logistics
TXN00377,CUST010,Manufacturing,North,2024-01-12,6213.27,ACTIVE,Segment A,Office
TXN00378,CUST011,Manufacturing,South,2024-05-07,2716.92,ACTIVE,Segment A,Consumer
TXN00379,CUST002,Manufacturing,East,2023-11-30,3145.11,ACTIVE,Segment A,Logistics
TXN00380,CUST023,Manufacturing,South,2023-04-03,4995.25,ACTIVE,Segment B,Office
TXN00381,CUST046,Retail,South,2023-09-22,5753.09,ACTIVE,Segment B,Logistics
TXN00382,CUST014,Wholesale,North,2023-12-05,-1932.42,ACTIVE,Segment C,Industrial
TXN00383,CUST015,Manufacturing,West,2023-10-11,8640.04,PENDING,Segment A,Office
TXN00384,CUST027,Retail,South,2023-07-09,6451.89,ACTIVE,Segment A,Industrial
TXN00385,CUST047,Manufacturing,North,2024-02-16,2252.99,ACTIVE,Segment B,Industrial
TXN00386,CUST057,Manufacturing,South,2024-09-19,2843.87,PENDING,Segment A,Office
TXN00387,CUST022,Retail,South,2023-11-01,5319.99,ACTIVE,Segment A,Logistics
TXN00388,CUST059,Retail,North,2023-01-30,6562.45,ACTIVE,Segment A,Office
TXN00389,CUST045,Manufacturing,East,2023-04-30,5155.57,ACTIVE,Segment B,Industrial
TXN00390,CUST052,Retail,South,2023-11-10,8045.25,ACTIVE,Segment C,Consumer
TXN00391,CUST025,Manufacturing,East,2024-06-29,2573.37,ACTIVE,Segment A,Office
TXN00392,CUST033,Wholesale,South,2023-12-05,1388.0,CLOSED,Segment A,Industrial
TXN00393,CUST022,Wholesale,South,2024-06-04,5996.35,ACTIVE,Segment B,Logistics
TXN00394,CUST018,Wholesale,North,2023-02-14,-885.76,CLOSED,Segment C,Consumer
TXN00395,CUST011,Retail,East,2024-03-06,-1895.73,ACTIVE,Segment A,Industrial
TXN00396,CUST040,Wholesale,West,2024-03-14,-434.26,ACTIVE,Segment B,Industrial
TXN00397,CUST020,Wholesale,West,2023-11-13,6670.08,ACTIVE,Segment B,Logistics
TXN00398,CUST004,Wholesale,North,2023-06-26,3533.2,ACTIVE,Segment C,Consumer
TXN00399,CUST059,Retail,South,2024-01-23,3620.52,ACTIVE,Segment B,Logistics
TXN00400,CUST051,Manufacturing,West,2024-03-20,1851.16,ACTIVE,Segment B,Consumer
TXN00401,CUST010,Retail,North,2023-08-11,1454.6,ACTIVE,Segment A,Logistics
TXN00402,CUST024,Retail,North,2024-03-14,6413.11,ACTIVE,Segment A,Office
TXN00403,CUST008,Manufacturing,South,2023-11-21,3600.3,ACTIVE,Segment A,Logistics
TXN00404,CUST022,Retail,South,2024-01-14,7368.91,ACTIVE,Segment A,Office
TXN00405,CUST040,Manufacturing,West,2024-10-17,5288.08,ACTIVE,Segment B,Logistics
TXN00406,CUST033,Wholesale,South,2023-05-07,6886.02,ACTIVE,Segment B,Industrial
TXN00407,CUST050,Retail,East,2024-06-09,1633.35,ACTIVE,Segment B,Industrial
TXN00408,CUST038,Retail,East,2023-11-24,1842.04,ACTIVE,Segment B,Consumer
TXN00409,CUST008,Manufacturing,South,2023-09-01,-2465.89,CLOSED,Segment A,Office
TXN00410,CUST021,Wholesale,East,2024-10-24,4563.84,ACTIVE,Segment B,Consumer
TXN00411,CUST057,Wholesale,East,2024-11-25,5270.98,ACTIVE,Segment C,Logistics
TXN00412,CUST010,Wholesale,South,2024-07-18,4509.57,ACTIVE,Segment C,Logistics
TXN00413,CUST020,Retail,South,2024-04-09,5259.12,CLOSED,Segment A,Logistics
TXN00414,CUST046,Manufacturing,South,2024-10-03,2545.21,PENDING,Segment A,Office
TXN00415,CUST050,Manufacturing,North,2023-05-19,2666.4,CLOSED,Segment B,Office
TXN00416,CUST026,Wholesale,East,2024-12-02,2835.89,ACTIVE,Segment C,Office
TXN00417,CUST028,Wholesale,North,2024-08-16,6252.44,ACTIVE,Segment A,Consumer
TXN00418,CUST036,Retail,West,2024-04-10,7731.98,ACTIVE,Segment C,Office
TXN00419,CUST035,Wholesale,North,2023-09-08,5220.89,CLOSED,Segment A,Office
TXN00420,CUST004,Manufacturing,West,2024-02-12,4615.97,ACTIVE,Segment A,Industrial
TXN00421,CUST005,Manufacturing,South,2023-11-18,3861.02,ACTIVE,Segment B,Consumer
TXN00422,CUST042,Retail,North,2023-02-23,3840.03,ACTIVE,Segment C,Logistics
TXN00423,CUST031,Wholesale,South,2023-03-03,9179.8,ACTIVE,Segment A,Office
TXN00424,CUST027,Manufacturing,North,2023-02-18,1151.19,CLOSED,Segment B,Industrial
TXN00425,CUST019,Wholesale,South,2023-06-29,4920.97,PENDING,Segment C,Office
TXN00426,CUST005,Retail,South,2023-07-29,3037.55,ACTIVE,Segment C,Logistics
TXN00427,CUST013,Retail,East,2023-01-28,623.6,ACTIVE,Segment C,Industrial
TXN00428,CUST021,Manufacturing,West,2023-10-27,939.32,ACTIVE,Segment A,Office
TXN00429,CUST010,Manufacturing,South,2024-07-04,7097.33,CLOSED,Segment C,Office
TXN00430,CUST020,Manufacturing,North,2023-05-19,408.96,ACTIVE,Segment A,Consumer
TXN00431,CUST028,Wholesale,West,2023-06-12,5710.87,ACTIVE,Segment C,Office
TXN00432,CUST052,Wholesale,South,2023-06-27,7188.65,ACTIVE,Segment C,Office
TXN00433,CUST002,Retail,South,2023-08-02,2301.02,ACTIVE,Segment C,Logistics
TXN00434,CUST029,Manufacturing,South,2024-06-12,5843.14,ACTIVE,Segment B,Office
TXN00435,CUST025,Wholesale,East,2023-08-19,7534.16,ACTIVE,Segment A,Office
TXN00436,CUST016,Retail,West,2023-12-01,8189.94,ACTIVE,Segment B,Office
TXN00437,CUST039,Retail,West,2024-05-29,5729.02,ACTIVE,Segment B,Logistics
TXN00438,CUST027,Wholesale,West,2023-03-27,2927.86,CLOSED,Segment A,Office
TXN00439,CUST032,Wholesale,South,2023-01-22,-3655.06,CLOSED,Segment B,Industrial
TXN00440,CUST024,Manufacturing,North,2023-05-05,-3243.06,ACTIVE,Segment B,Office
TXN00441,CUST053,Wholesale,South,2023-11-03,-4677.41,ACTIVE,Segment C,Office
TXN00442,CUST004,Wholesale,West,2023-12-24,5727.7,ACTIVE,Segment B,Consumer
TXN00443,CUST042,Manufacturing,South,2024-08-25,6752.7,ACTIVE,Segment B,Industrial
TXN00444,CUST053,Manufacturing,South,2023-01-08,7032.48,ACTIVE,Segment B,Industrial
TXN00445,CUST057,Wholesale,West,2023-10-29,6663.79,CLOSED,Segment A,Office
TXN00446,CUST006,Wholesale,East,2023-08-22,6902.63,ACTIVE,Segment A,Office
TXN00447,CUST039,Retail,South,2024-04-26,1475.61,CLOSED,Segment C,Logistics
TXN00448,CUST026,Retail,West,2023-07-12,3182.91,ACTIVE,Segment B,Consumer
TXN00449,CUST001,Wholesale,South,2024-08-17,4693.58,ACTIVE,Segment A,Office
TXN00450,CUST012,Manufacturing,North,2024-07-26,1527.27,ACTIVE,Segment C,Logistics
TXN00451,CUST025,Manufacturing,West,2023-06-16,1185.92,ACTIVE,Segment B,Office
TXN00452,CUST026,Wholesale,East,2023-07-25,1267.73,CLOSED,Segment C,Consumer
TXN00453,CUST020,Wholesale,West,2023-05-31,5175.08,ACTIVE,Segment A,Office
TXN00454,CUST009,Retail,South,2024-03-28,-720.48,ACTIVE,Segment A,Office
TXN00455,CUST029,Wholesale,West,2024-06-14,4529.65,ACTIVE,Segment B,Consumer
TXN00456,CUST059,Wholesale,West,2023-12-26,6882.13,ACTIVE,Segment B,Consumer
TXN00457,CUST012,Wholesale,North,2023-04-04,7653.92,ACTIVE,Segment B,Industrial
TXN00458,CUST031,Retail,South,2024-03-19,6500.76,ACTIVE,Segment B,Office
TXN00459,CUST041,Wholesale,West,2023-08-21,3308.5,CLOSED,Segment B,Consumer
TXN00460,CUST037,Manufacturing,South,2023-08-18,4117.0,ACTIVE,Segment B,Industrial
TXN00461,CUST005,Manufacturing,West,2023-07-10,6422.4,ACTIVE,Segment A,Office
TXN00462,CUST014,Retail,North,2023-09-19,-4271.91,ACTIVE,Segment B,Industrial
TXN00463,CUST038,Wholesale,East,2023-09-18,5815.53,ACTIVE,Segment B,Office
TXN00464,CUST018,Manufacturing,North,2023-10-31,4122.44,CLOSED,Segment C,Office
TXN00465,CUST038,Manufacturing,South,2024-04-01,6089.78,PENDING,Segment A,Consumer
TXN00466,CUST045,Manufacturing,West,2024-01-30,4128.48,PENDING,Segment B,Logistics
TXN00467,CUST023,Manufacturing,North,2024-11-08,3158.0,ACTIVE,Segment B,Logistics
TXN00468,CUST037,Wholesale,North,2024-06-16,3859.71,ACTIVE,Segment C,Office
TXN00469,CUST006,Wholesale,North,2023-10-07,6056.3,CLOSED,Segment C,Consumer
TXN00470,CUST033,Manufacturing,West,2023-06-20,4741.25,ACTIVE,Segment A,Consumer
TXN00471,CUST040,Retail,South,2024-11-22,6346.93,ACTIVE,Segment A,Logistics
TXN00472,CUST058,Retail,South,2023-06-15,-161.27,ACTIVE,Segment A,Office
TXN00473,CUST008,Manufacturing,East,2024-02-13,5211.79,ACTIVE,Segment B,Office
TXN00474,CUST056,Wholesale,East,2024-07-18,1549.93,ACTIVE,Segment A,Consumer
TXN00475,CUST038,Retail,South,2024-01-30,4553.84,ACTIVE,Segment A,Logistics
TXN00476,CUST034,Manufacturing,West,2023-02-17,5608.08,ACTIVE,Segment B,Logistics
TXN00477,CUST033,Manufacturing,West,2023-12-13,676.82,PENDING,Segment B,Industrial
TXN00478,CUST040,Manufacturing,West,2024-01-11,3661.33,ACTIVE,Segment C,Logistics
TXN00479,CUST056,Manufacturing,North,2023-10-05,3554.09,ACTIVE,Segment C,Consumer
TXN00480,CUST014,Manufacturing,North,2023-10-13,5435.78,ACTIVE,Segment A,Consumer
TXN00481,CUST041,Manufacturing,South,2023-12-10,-6028.15,ACTIVE,Segment A,Office
TXN00482,CUST035,Manufacturing,East,2024-03-31,4373.92,ACTIVE,Segment C,Office
TXN00483,CUST035,Wholesale,West,2023-11-17,3673.56,ACTIVE,Segment C,Industrial
TXN00484,CUST043,Wholesale,North,2024-09-24,4207.26,ACTIVE,Segment B,Consumer
TXN00485,CUST038,Retail,South,2024-12-25,3926.41,ACTIVE,Segment C,Logistics
TXN00486,CUST017,Retail,North,2024-01-25,1990.67,ACTIVE,Segment A,Consumer
TXN00487,CUST032,Manufacturing,West,2024-04-19,5662.28,ACTIVE,Segment B,Consumer
TXN00488,CUST014,Retail,West,2024-01-08,2445.48,CLOSED,Segment A,Industrial
TXN00489,CUST019,Wholesale,West,2024-08-01,5080.73,ACTIVE,Segment C,Industrial
TXN00490,CUST016,Wholesale,North,2023-01-28,4780.96,ACTIVE,Segment B,Office
TXN00491,CUST039,Wholesale,West,2024-04-09,2941.81,ACTIVE,Segment B,Consumer
TXN00492,CUST023,Manufacturing,South,2023-03-16,2196.82,ACTIVE,Segment A,Industrial
TXN00493,CUST019,Manufacturing,North,2024-12-27,5002.42,ACTIVE,Segment C,Logistics
TXN00494,CUST043,Wholesale,East,2024-01-29,3408.52,ACTIVE,Segment A,Office
TXN00495,CUST057,Wholesale,West,2024-05-22,3043.09,ACTIVE,Segment A,Industrial
TXN00496,CUST025,Manufacturing,North,2024-07-06,2126.51,ACTIVE,Segment C,Logistics
TXN00497,CUST055,Manufacturing,South,2023-02-03,2498.05,ACTIVE,Segment A,Industrial
TXN00498,CUST005,Retail,West,2024-08-01,6075.74,ACTIVE,Segment A,Consumer
TXN00499,CUST036,Manufacturing,North,2023-05-08,4054.49,ACTIVE,Segment B,Office
TXN00500,CUST028,Retail,North,2023-04-09,-1309.27,ACTIVE,Segment B,Industrial
TXN00501,CUST046,Retail,West,2024-01-17,-2791.68,ACTIVE,Segment B,Logistics
TXN00502,CUST046,Retail,West,2023-11-07,1135.52,ACTIVE,Segment A,Industrial
TXN00503,CUST023,Manufacturing,East,2024-03-29,6415.66,ACTIVE,Segment C,Consumer
TXN00504,CUST026,Manufacturing,South,2023-08-12,5645.89,ACTIVE,Segment B,Consumer
TXN00505,CUST005,Wholesale,West,2023-04-05,645.77,ACTIVE,Segment C,Logistics
TXN00506,CUST033,Manufacturing,North,2023-04-14,4402.97,ACTIVE,Segment A,Office
TXN00507,CUST042,Wholesale,South,2023-02-09,3519.5,ACTIVE,Segment A,Industrial
TXN00508,CUST019,Manufacturing,North,2023-05-01,-386.52,CLOSED,Segment C,Industrial
TXN00509,CUST035,Wholesale,West,2023-03-28,3610.43,ACTIVE,Segment C,Logistics
TXN00510,CUST030,Retail,South,2023-06-17,6272.25,ACTIVE,Segment A,Office
TXN00511,CUST032,Wholesale,North,2024-08-10,6727.68,ACTIVE,Segment B,Office
TXN00512,CUST017,Retail,West,2024-12-16,-631.77,ACTIVE,Segment B,Industrial
TXN00513,CUST034,Retail,East,2023-10-24,1578.2,CLOSED,Segment B,Office
TXN00514,CUST015,Manufacturing,South,2023-06-03,1087.85,ACTIVE,Segment C,Consumer
TXN00515,CUST021,Manufacturing,East,2024-11-09,-1722.29,ACTIVE,Segment B,Office
TXN00516,CUST051,Manufacturing,East,2024-08-28,7457.58,CLOSED,Segment C,Industrial
TXN00517,CUST041,Wholesale,South,2024-05-13,4389.0,CLOSED,Segment A,Industrial
TXN00518,CUST005,Wholesale,West,2023-04-25,3699.22,ACTIVE,Segment B,Office
TXN00519,CUST057,Wholesale,West,2023-06-06,3992.12,ACTIVE,Segment C,Industrial
TXN00520,CUST045,Wholesale,East,2023-06-23,4747.39,CLOSED,Segment A,Consumer
TXN00521,CUST025,Retail,South,2024-07-26,5769.29,ACTIVE,Segment C,Logistics
TXN00522,CUST013,Retail,South,2023-02-17,4093.51,ACTIVE,Segment B,Logistics
TXN00523,CUST015,Manufacturing,South,2024-03-21,6020.47,CLOSED,Segment A,Logistics
TXN00524,CUST057,Retail,North,2024-09-21,4845.89,ACTIVE,Segment B,Office
TXN00525,CUST030,Wholesale,West,2024-12-11,3945.13,ACTIVE,Segment B,Office
TXN00526,CUST039,Retail,North,2024-05-22,4165.01,ACTIVE,Segment B,Industrial
TXN00527,CUST019,Retail,South,2024-11-09,-3573.07,PENDING,Segment B,Office
TXN00528,CUST025,Retail,North,2023-06-18,5854.74,ACTIVE,Segment A,Industrial
TXN00529,CUST046,Manufacturing,West,2024-05-15,3151.11,ACTIVE,Segment C,Office
TXN00530,CUST041,Manufacturing,West,2023-09-24,177.28,ACTIVE,Segment B,Industrial
TXN00531,CUST001,Wholesale,East,2023-01-14,5607.27,ACTIVE,Segment A,Logistics
TXN00532,CUST012,Manufacturing,South,2023-03-10,6522.23,ACTIVE,Segment B,Logistics
TXN00533,CUST005,Manufacturing,West,2023-08-04,589.29,ACTIVE,Segment B,Logistics
TXN00534,CUST019,Retail,East,2024-09-24,4005.75,ACTIVE,Segment B,Logistics
TXN00535,CUST054,Manufacturing,North,2024-06-26,2345.15,CLOSED,Segment C,Logistics
TXN00536,CUST041,Wholesale,North,2024-12-18,5475.56,ACTIVE,Segment B,Logistics
TXN00537,CUST014,Manufacturing,East,2023-12-12,3398.5,ACTIVE,Segment B,Office
TXN00538,CUST011,Manufacturing,East,2023-04-02,5987.49,ACTIVE,Segment B,Office
TXN00539,CUST034,Retail,South,2024-11-16,7355.51,ACTIVE,Segment C,Consumer
TXN00540,CUST027,Retail,North,2024-06-23,2241.88,ACTIVE,Segment A,Logistics
TXN00541,CUST051,Wholesale,West,2024-06-18,4921.79,CLOSED,Segment B,Industrial
TXN00542,CUST002,Retail,South,2024-09-01,3816.23,ACTIVE,Segment A,Industrial
TXN00543,CUST009,Wholesale,West,2023-01-26,3606.19,ACTIVE,Segment C,Industrial
TXN00544,CUST055,Retail,South,2023-09-22,2468.65,ACTIVE,Segment A,Logistics
TXN00545,CUST032,Manufacturing,West,2024-04-21,63.97,ACTIVE,Segment C,Office
TXN00546,CUST046,Wholesale,West,2024-03-07,2749.34,ACTIVE,Segment B,Industrial
TXN00547,CUST030,Retail,South,2024-03-05,892.67,ACTIVE,Segment B,Logistics
TXN00548,CUST043,Manufacturing,East,2024-02-21,1791.5,ACTIVE,Segment A,Industrial
TXN00549,CUST002,Retail,West,2023-06-26,3611.56,ACTIVE,Segment C,Consumer
TXN00550,CUST041,Wholesale,South,2023-05-20,2849.22,ACTIVE,Segment B,Consumer
TXN00551,CUST059,Retail,North,2023-12-03,5150.52,ACTIVE,Segment A,Logistics
TXN00552,CUST025,Manufacturing,South,2024-06-28,599.93,ACTIVE,Segment A,Consumer
TXN00553,CUST042,Manufacturing,East,2024-03-08,5710.57,ACTIVE,Segment A,Industrial
TXN00554,CUST035,Retail,North,2024-11-01,3213.45,ACTIVE,Segment A,Logistics
TXN00555,CUST055,Retail,North,2023-11-12,2478.11,ACTIVE,Segment B,Consumer
TXN00556,CUST050,Manufacturing,South,2024-12-09,653.97,ACTIVE,Segment B,Industrial
TXN00557,CUST052,Wholesale,South,2024-06-07,7944.45,ACTIVE,Segment C,Logistics
TXN00558,CUST001,Wholesale,West,2023-05-22,2908.11,ACTIVE,Segment A,Logistics
TXN00559,CUST043,Retail,West,2023-11-19,7705.12,ACTIVE,Segment B,Consumer
TXN00560,CUST056,Manufacturing,West,2023-05-15,6433.01,ACTIVE,Segment C,Industrial
TXN00561,CUST060,Manufacturing,East,2024-06-02,5076.39,ACTIVE,Segment C,Logistics
TXN00562,CUST031,Wholesale,West,2023-05-02,7009.64,PENDING,Segment B,Office
TXN00563,CUST026,Retail,North,2023-03-15,-8366.83,CLOSED,Segment A,Industrial
TXN00564,CUST052,Wholesale,North,2024-08-15,-1681.73,CLOSED,Segment B,Consumer
TXN00565,CUST021,Manufacturing,West,2024-01-03,731.06,ACTIVE,Segment B,Office
TXN00566,CUST023,Retail,East,2023-11-23,3955.32,ACTIVE,Segment A,Industrial
TXN00567,CUST044,Manufacturing,South,2023-11-15,6704.13,PENDING,Segment C,Industrial
TXN00568,CUST035,Wholesale,West,2023-06-21,1673.43,ACTIVE,Segment A,Consumer
TXN00569,CUST007,Wholesale,West,2024-05-26,4949.73,ACTIVE,Segment A,Consumer
TXN00570,CUST053,Retail,West,2023-04-04,878.16,ACTIVE,Segment C,Consumer
TXN00571,CUST036,Manufacturing,North,2024-04-10,3869.68,PENDING,Segment B,Consumer
TXN00572,CUST021,Manufacturing,East,2024-01-04,5619.74,ACTIVE,Segment C,Office
TXN00573,CUST011,Manufacturing,North,2024-07-02,405.95,ACTIVE,Segment C,Office
TXN00574,CUST048,Retail,East,2024-02-08,2897.38,ACTIVE,Segment B,Industrial
TXN00575,CUST051,Wholesale,South,2024-12-19,2451.99,CLOSED,Segment B,Consumer
TXN00576,CUST039,Manufacturing,West,2023-12-19,2894.68,ACTIVE,Segment A,Office
TXN00577,CUST036,Manufacturing,West,2023-03-12,1068.35,ACTIVE,Segment A,Industrial
TXN00578,CUST017,Retail,North,2024-06-03,5724.42,ACTIVE,Segment C,Consumer
TXN00579,CUST058,Retail,East,2024-09-28,2823.18,ACTIVE,Segment C,Industrial
TXN00580,CUST023,Wholesale,North,2023-03-06,6649.24,CLOSED,Segment A,Office
TXN00581,CUST049,Manufacturing,South,2023-09-23,6727.39,ACTIVE,Segment B,Logistics
TXN00582,CUST017,Wholesale,East,2023-01-07,3477.24,ACTIVE,Segment A,Consumer
TXN00583,CUST038,Manufacturing,North,2024-07-19,2469.68,ACTIVE,Segment C,Logistics
TXN00584,CUST038,Wholesale,West,2023-12-05,5864.84,ACTIVE,Segment C,Office
TXN00585,CUST032,Wholesale,South,2024-09-17,2049.78,ACTIVE,Segment C,Logistics
TXN00586,CUST031,Manufacturing,West,2023-01-14,5077.23,ACTIVE,Segment B,Office
TXN00587,CUST048,Wholesale,East,2023-05-11,5829.34,ACTIVE,Segment A,Office
TXN00588,CUST043,Retail,West,2023-02-14,-3232.02,ACTIVE,Segment A,Consumer
TXN00589,CUST011,Retail,North,2023-12-05,3997.54,ACTIVE,Segment A,Industrial
TXN00590,CUST019,Retail,South,2024-09-09,3601.48,ACTIVE,Segment B,Office
TXN00591,CUST011,Retail,West,2024-04-05,3261.41,ACTIVE,Segment B,Logistics
TXN00592,CUST040,Retail,South,2024-08-05,772.69,ACTIVE,Segment B,Logistics
TXN00593,CUST055,Manufacturing,East,2023-05-06,6363.61,CLOSED,Segment A,Industrial
TXN00594,CUST033,Retail,South,2024-11-25,-1435.8,ACTIVE,Segment B,Consumer
TXN00595,CUST048,Manufacturing,East,2024-07-14,4045.7,ACTIVE,Segment B,Logistics
TXN00596,CUST042,Manufacturing,West,2023-02-25,10812.12,PENDING,Segment C,Consumer
TXN00597,CUST035,Manufacturing,East,2024-01-02,2536.79,ACTIVE,Segment B,Logistics
TXN00598,CUST060,Manufacturing,South,2023-06-18,4173.79,CLOSED,Segment A,Consumer
TXN00599,CUST029,Manufacturing,West,2024-12-23,5374.51,ACTIVE,Segment B,Logistics
TXN00600,CUST007,Manufacturing,East,2023-03-13,2505.35,ACTIVE,Segment A,Industrial
TXN00601,CUST019,Retail,South,2024-08-04,4369.44,ACTIVE,Segment B,Consumer
TXN00602,CUST044,Wholesale,South,2024-11-26,3906.95,ACTIVE,Segment A,Industrial
TXN00603,CUST015,Manufacturing,West,2023-10-30,4866.09,ACTIVE,Segment C,Logistics
TXN00604,CUST012,Retail,East,2023-02-19,7532.6,ACTIVE,Segment A,Office
TXN00605,CUST025,Wholesale,West,2023-11-25,4175.59,ACTIVE,Segment B,Office
TXN00606,CUST026,Wholesale,West,2024-06-23,5646.54,PENDING,Segment B,Industrial
TXN00607,CUST001,Wholesale,West,2024-06-14,472.07,ACTIVE,Segment B,Industrial
TXN00608,CUST012,Manufacturing,West,2024-09-25,4919.8,PENDING,Segment B,Consumer
TXN00609,CUST060,Wholesale,South,2023-03-14,4196.15,ACTIVE,Segment B,Consumer
TXN00610,CUST058,Retail,East,2024-07-06,2706.89,ACTIVE,Segment C,Industrial
TXN00611,CUST034,Manufacturing,East,2024-01-28,2201.59,ACTIVE,Segment B,Logistics
TXN00612,CUST015,Manufacturing,North,2024-08-18,1647.6,ACTIVE,Segment A,Industrial
TXN00613,CUST028,Retail,North,2024-04-13,7348.08,ACTIVE,Segment B,Consumer
TXN00614,CUST003,Manufacturing,East,2023-06-12,7123.13,PENDING,Segment C,Industrial
TXN00615,CUST037,Retail,North,2023-12-05,1097.73,CLOSED,Segment B,Logistics
TXN00616,CUST054,Manufacturing,South,2023-11-07,3610.24,ACTIVE,Segment B,Office
TXN00617,CUST010,Wholesale,East,2024-05-10,6475.78,PENDING,Segment C,Consumer
TXN00618,CUST005,Manufacturing,South,2023-11-06,354.85,ACTIVE,Segment A,Industrial
TXN00619,CUST003,Manufacturing,North,2024-04-03,4362.88,ACTIVE,Segment A,Industrial
TXN00620,CUST031,Wholesale,West,2024-04-22,3689.69,ACTIVE,Segment B,Consumer
TXN00621,CUST055,Manufacturing,South,2023-08-24,4127.95,ACTIVE,Segment B,Consumer
TXN00622,CUST013,Wholesale,North,2023-01-05,2942.6,ACTIVE,Segment B,Office
TXN00623,CUST053,Wholesale,East,2023-06-24,5949.72,ACTIVE,Segment B,Consumer
TXN00624,CUST058,Manufacturing,South,2024-11-18,2899.8,ACTIVE,Segment C,Office
TXN00625,CUST059,Wholesale,North,2024-02-19,5425.69,CLOSED,Segment B,Industrial
TXN00626,CUST023,Retail,North,2023-02-09,6777.85,ACTIVE,Segment B,Logistics
TXN00627,CUST010,Wholesale,West,2024-04-11,2510.33,ACTIVE,Segment A,Industrial
TXN00628,CUST052,Retail,South,2024-04-12,3384.92,ACTIVE,Segment C,Logistics
TXN00629,CUST033,Retail,East,2024-08-18,1676.97,CLOSED,Segment C,Consumer
TXN00630,CUST040,Retail,West,2024-04-25,5416.71,ACTIVE,Segment A,Industrial
TXN00631,CUST042,Retail,East,2024-10-18,-102.27,ACTIVE,Segment B,Industrial
TXN00632,CUST005,Manufacturing,East,2023-10-12,2088.26,ACTIVE,Segment A,Office
TXN00633,CUST010,Retail,North,2023-02-15,5560.96,ACTIVE,Segment A,Logistics
TXN00634,CUST056,Retail,South,2023-08-05,6015.87,ACTIVE,Segment A,Industrial
TXN00635,CUST053,Manufacturing,South,2024-09-06,3121.5,ACTIVE,Segment A,Consumer
TXN00636,CUST023,Wholesale,East,2024-03-19,3866.19,ACTIVE,Segment C,Industrial
TXN00637,CUST004,Wholesale,South,2023-12-23,-204.11,ACTIVE,Segment B,Logistics
TXN00638,CUST038,Retail,West,2023-07-25,1124.16,ACTIVE,Segment C,Consumer
TXN00639,CUST005,Manufacturing,West,2023-11-27,2750.41,CLOSED,Segment B,Industrial
TXN00640,CUST041,Manufacturing,South,2023-08-21,4486.21,ACTIVE,Segment A,Logistics
TXN00641,CUST054,Wholesale,North,2023-01-16,2259.13,ACTIVE,Segment A,Consumer
TXN00642,CUST008,Retail,South,2024-05-18,-178.45,ACTIVE,Segment B,Industrial
TXN00643,CUST039,Manufacturing,East,2024-05-29,3887.59,ACTIVE,Segment B,Office
TXN00644,CUST060,Wholesale,North,2024-03-24,1229.62,ACTIVE,Segment C,Industrial
TXN00645,CUST050,Wholesale,South,2023-07-04,6122.79,ACTIVE,Segment C,Office
TXN00646,CUST042,Manufacturing,South,2023-11-21,1517.14,ACTIVE,Segment B,Consumer
TXN00647,CUST020,Wholesale,West,2023-02-02,3644.38,ACTIVE,Segment A,Consumer
TXN00648,CUST031,Manufacturing,South,2023-11-21,3448.64,ACTIVE,Segment A,Industrial
TXN00649,CUST019,Retail,North,2023-12-14,1850.18,ACTIVE,Segment B,Consumer
TXN00650,CUST022,Wholesale,West,2023-04-12,6426.47,PENDING,Segment B,Office
TXN00651,CUST044,Retail,South,2024-04-21,8417.55,ACTIVE,Segment C,Logistics
TXN00652,CUST034,Retail,North,2024-04-18,-980.92,ACTIVE,Segment A,Logistics
TXN00653,CUST018,Retail,East,2024-08-04,-922.59,CLOSED,Segment C,Office
TXN00654,CUST009,Manufacturing,East,2024-04-05,-2211.93,PENDING,Segment A,Consumer
TXN00655,CUST027,Retail,North,2024-11-21,153.57,ACTIVE,Segment B,Logistics
TXN00656,CUST052,Retail,East,2024-10-28,3117.83,ACTIVE,Segment C,Logistics
TXN00657,CUST029,Manufacturing,South,2023-01-12,3547.2,ACTIVE,Segment A,Office
TXN00658,CUST040,Wholesale,North,2024-12-20,4289.68,ACTIVE,Segment C,Industrial
TXN00659,CUST006,Manufacturing,West,2024-10-28,3472.34,ACTIVE,Segment A,Industrial
TXN00660,CUST046,Manufacturing,North,2024-03-04,4080.6,ACTIVE,Segment B,Logistics
TXN00661,CUST057,Manufacturing,South,2023-05-19,4610.58,ACTIVE,Segment B,Industrial
TXN00662,CUST035,Retail,West,2023-01-07,10170.91,CLOSED,Segment A,Office
TXN00663,CUST040,Manufacturing,West,2023-11-21,4114.72,CLOSED,Segment B,Consumer
TXN00664,CUST008,Manufacturing,West,2024-08-28,3716.3,ACTIVE,Segment B,Consumer
TXN00665,CUST021,Retail,North,2024-10-12,3942.89,ACTIVE,Segment A,Office
TXN00666,CUST042,Wholesale,West,2023-12-28,5565.48,ACTIVE,Segment A,Consumer
TXN00667,CUST005,Wholesale,East,2023-10-14,7351.21,ACTIVE,Segment A,Logistics
TXN00668,CUST028,Retail,East,2023-05-27,3354.04,CLOSED,Segment A,Logistics
TXN00669,CUST054,Manufacturing,South,2023-04-21,7202.73,ACTIVE,Segment B,Office
TXN00670,CUST054,Wholesale,South,2024-12-06,4577.07,ACTIVE,Segment C,Consumer
TXN00671,CUST031,Retail,North,2023-01-05,3053.86,ACTIVE,Segment A,Logistics
TXN00672,CUST033,Retail,East,2023-09-16,-3604.03,CLOSED,Segment A,Industrial
TXN00673,CUST010,Wholesale,South,2024-05-28,3963.04,ACTIVE,Segment B,Office
TXN00674,CUST021,Retail,South,2024-04-16,-954.88,CLOSED,Segment B,Logistics
TXN00675,CUST055,Manufacturing,East,2024-03-16,4249.14,ACTIVE,Segment C,Logistics
TXN00676,CUST002,Manufacturing,West,2023-10-17,6291.61,ACTIVE,Segment A,Office
TXN00677,CUST018,Manufacturing,West,2024-03-23,987.74,PENDING,Segment C,Logistics
TXN00678,CUST038,Wholesale,West,2023-01-18,1437.87,ACTIVE,Segment C,Consumer
TXN00679,CUST010,Manufacturing,South,2024-02-28,4806.51,ACTIVE,Segment C,Industrial
TXN00680,CUST056,Manufacturing,East,2023-07-11,2044.26,ACTIVE,Segment A,Consumer
TXN00681,CUST010,Retail,East,2023-11-24,9158.74,ACTIVE,Segment B,Office
TXN00682,CUST039,Retail,East,2024-12-19,3594.63,ACTIVE,Segment C,Logistics
TXN00683,CUST022,Manufacturing,South,2024-07-28,5781.29,ACTIVE,Segment B,Industrial
TXN00684,CUST031,Manufacturing,South,2024-05-09,3821.88,CLOSED,Segment C,Industrial
TXN00685,CUST001,Retail,North,2023-08-05,2882.95,CLOSED,Segment A,Logistics
TXN00686,CUST027,Manufacturing,South,2023-11-16,1847.27,CLOSED,Segment B,Logistics
TXN00687,CUST015,Retail,West,2024-11-04,3484.31,ACTIVE,Segment C,Logistics
TXN00688,CUST031,Retail,East,2023-05-28,5543.74,ACTIVE,Segment A,Office
TXN00689,CUST058,Wholesale,East,2024-01-30,8067.19,ACTIVE,Segment A,Industrial
TXN00690,CUST013,Wholesale,West,2023-07-10,191.6,CLOSED,Segment A,Consumer
TXN00691,CUST059,Manufacturing,East,2023-09-17,2235.19,ACTIVE,Segment A,Office
TXN00692,CUST041,Manufacturing,North,2023-05-01,2672.28,ACTIVE,Segment A,Office
TXN00693,CUST049,Manufacturing,West,2023-08-05,3966.33,ACTIVE,Segment C,Consumer
TXN00694,CUST027,Wholesale,East,2024-01-28,1260.95,ACTIVE,Segment C,Logistics
TXN00695,CUST004,Retail,East,2024-01-27,6736.06,ACTIVE,Segment A,Consumer
TXN00696,CUST006,Wholesale,West,2023-02-23,6576.38,CLOSED,Segment A,Logistics
TXN00697,CUST042,Retail,North,2023-11-09,5440.03,ACTIVE,Segment A,Industrial
TXN00698,CUST050,Retail,East,2024-04-18,12339.09,ACTIVE,Segment C,Logistics
TXN00699,CUST032,Retail,East,2024-08-10,2481.68,ACTIVE,Segment B,Logistics
TXN00700,CUST026,Wholesale,South,2024-05-21,-3299.06,ACTIVE,Segment A,Logistics
TXN00701,CUST032,Retail,North,2024-10-10,5808.85,ACTIVE,Segment B,Industrial
TXN00702,CUST002,Manufacturing,North,2024-12-23,4905.81,CLOSED,Segment B,Industrial
TXN00703,CUST050,Retail,West,2023-06-13,5563.89,ACTIVE,Segment B,Logistics
TXN00704,CUST011,Wholesale,North,2024-08-09,-4736.89,CLOSED,Segment C,Consumer
TXN00705,CUST004,Manufacturing,North,2023-07-15,-1503.18,ACTIVE,Segment B,Logistics
TXN00706,CUST057,Retail,North,2024-01-24,4018.87,CLOSED,Segment A,Office
TXN00707,CUST056,Wholesale,West,2024-03-21,3534.46,ACTIVE,Segment C,Logistics
TXN00708,CUST025,Wholesale,South,2024-01-22,1759.96,ACTIVE,Segment B,Consumer
TXN00709,CUST057,Retail,East,2023-05-08,3463.43,ACTIVE,Segment C,Consumer
TXN00710,CUST001,Wholesale,North,2024-03-06,7061.86,ACTIVE,Segment C,Office
TXN00711,CUST052,Manufacturing,North,2023-01-17,8759.8,CLOSED,Segment A,Logistics
TXN00712,CUST020,Wholesale,North,2024-02-19,2954.61,ACTIVE,Segment A,Office
TXN00713,CUST060,Wholesale,North,2024-05-26,2095.78,ACTIVE,Segment A,Industrial
TXN00714,CUST049,Manufacturing,West,2024-01-18,257.36,ACTIVE,Segment C,Logistics
TXN00715,CUST042,Manufacturing,South,2023-08-22,3297.94,CLOSED,Segment A,Logistics
TXN00716,CUST024,Wholesale,East,2024-05-27,6611.69,ACTIVE,Segment B,Office
TXN00717,CUST036,Manufacturing,South,2023-07-03,4558.1,ACTIVE,Segment B,Office
TXN00718,CUST014,Wholesale,East,2024-11-15,2922.99,ACTIVE,Segment C,Office
TXN00719,CUST017,Retail,East,2024-09-01,6067.29,ACTIVE,Segment B,Logistics
TXN00720,CUST043,Retail,South,2024-09-27,2013.54,CLOSED,Segment A,Consumer
TXN00721,CUST026,Manufacturing,East,2024-06-03,3273.35,ACTIVE,Segment C,Industrial
TXN00722,CUST011,Manufacturing,South,2024-12-28,7760.06,ACTIVE,Segment B,Logistics
TXN00723,CUST060,Wholesale,West,2023-06-06,-7882.14,ACTIVE,Segment A,Industrial
TXN00724,CUST030,Retail,South,2024-08-27,2125.63,ACTIVE,Segment A,Consumer
TXN00725,CUST052,Manufacturing,South,2024-05-26,2054.52,ACTIVE,Segment B,Office
TXN00726,CUST025,Wholesale,South,2024-05-06,3530.09,ACTIVE,Segment A,Industrial
TXN00727,CUST025,Manufacturing,South,2024-05-05,2388.33,ACTIVE,Segment B,Consumer
TXN00728,CUST005,Retail,East,2023-06-06,8680.43,ACTIVE,Segment C,Logistics
TXN00729,CUST035,Manufacturing,East,2024-01-24,4500.64,ACTIVE,Segment A,Logistics
TXN00730,CUST012,Retail,South,2024-08-13,5591.94,CLOSED,Segment C,Consumer
TXN00731,CUST042,Retail,East,2023-10-04,6395.51,ACTIVE,Segment B,Office
TXN00732,CUST036,Manufacturing,East,2024-01-22,2066.18,CLOSED,Segment B,Office
TXN00733,CUST029,Retail,South,2024-10-03,2075.16,ACTIVE,Segment A,Consumer
TXN00734,CUST032,Wholesale,North,2023-08-19,6507.72,ACTIVE,Segment C,Industrial
TXN00735,CUST031,Retail,North,2023-04-25,2457.5,ACTIVE,Segment C,Office
TXN00736,CUST047,Retail,West,2024-08-07,-1069.02,ACTIVE,Segment B,Industrial
TXN00737,CUST022,Retail,West,2024-07-03,4576.43,ACTIVE,Segment A,Consumer
TXN00738,CUST060,Manufacturing,North,2023-06-10,4551.47,ACTIVE,Segment B,Logistics
TXN00739,CUST052,Retail,East,2024-02-14,4781.23,CLOSED,Segment A,Office
TXN00740,CUST046,Wholesale,South,2023-07-05,1980.36,ACTIVE,Segment C,Industrial
TXN00741,CUST053,Retail,South,2024-10-31,7302.13,ACTIVE,Segment C,Industrial
TXN00742,CUST018,Wholesale,East,2023-09-16,4852.45,PENDING,Segment C,Industrial
TXN00743,CUST039,Wholesale,West,2024-06-21,3006.46,PENDING,Segment B,Consumer
TXN00744,CUST007,Retail,East,2024-03-01,4516.47,ACTIVE,Segment B,Office
TXN00745,CUST007,Wholesale,East,2024-03-16,2261.29,ACTIVE,Segment B,Consumer
TXN00746,CUST027,Retail,East,2023-04-22,8377.85,ACTIVE,Segment B,Logistics
TXN00747,CUST056,Retail,North,2023-01-22,7141.69,ACTIVE,Segment A,Industrial
TXN00748,CUST034,Manufacturing,South,2024-07-19,-620.46,ACTIVE,Segment C,Office
TXN00749,CUST029,Manufacturing,West,2024-05-06,2137.51,PENDING,Segment B,Office
TXN00750,CUST017,Wholesale,North,2024-06-13,307.16,ACTIVE,Segment A,Consumer
TXN00751,CUST008,Retail,West,2023-12-01,4043.91,ACTIVE,Segment A,Office
TXN00752,CUST053,Retail,East,2023-10-01,1823.76,ACTIVE,Segment B,Office
TXN00753,CUST012,Manufacturing,East,2024-05-02,5938.95,CLOSED,Segment B,Consumer
TXN00754,CUST012,Manufacturing,North,2024-10-11,3446.82,ACTIVE,Segment C,Office
TXN00755,CUST014,Manufacturing,East,2023-07-19,4117.84,ACTIVE,Segment C,Consumer
TXN00756,CUST053,Wholesale,West,2023-10-30,2477.68,ACTIVE,Segment A,Logistics
TXN00757,CUST012,Manufacturing,South,2023-12-21,5864.08,ACTIVE,Segment A,Industrial
TXN00758,CUST017,Retail,East,2024-07-02,2970.28,ACTIVE,Segment C,Consumer
TXN00759,CUST027,Manufacturing,East,2023-12-03,-1241.69,ACTIVE,Segment A,Office
TXN00760,CUST004,Manufacturing,North,2023-01-13,2830.78,CLOSED,Segment B,Office
TXN00761,CUST058,Wholesale,South,2024-09-16,-358.55,ACTIVE,Segment B,Industrial
TXN00762,CUST034,Wholesale,West,2024-07-01,3290.7,ACTIVE,Segment A,Office
TXN00763,CUST040,Wholesale,West,2024-10-16,5625.24,CLOSED,Segment B,Industrial
TXN00764,CUST054,Wholesale,West,2023-12-08,1572.37,ACTIVE,Segment A,Consumer
TXN00765,CUST027,Manufacturing,North,2023-10-17,4251.66,ACTIVE,Segment B,Logistics
TXN00766,CUST030,Wholesale,East,2023-07-01,6872.07,CLOSED,Segment C,Consumer
TXN00767,CUST015,Retail,South,2024-06-07,-106.83,ACTIVE,Segment C,Logistics
TXN00768,CUST007,Retail,East,2023-11-06,3642.36,ACTIVE,Segment C,Office
TXN00769,CUST016,Wholesale,North,2023-10-10,5462.65,ACTIVE,Segment A,Office
TXN00770,CUST035,Retail,West,2024-12-20,3443.78,ACTIVE,Segment B,Industrial
TXN00771,CUST028,Retail,East,2024-08-30,4233.05,ACTIVE,Segment C,Consumer
TXN00772,CUST021,Wholesale,North,2023-11-28,2783.59,CLOSED,Segment A,Logistics
TXN00773,CUST058,Manufacturing,North,2023-09-14,285.6,CLOSED,Segment B,Logistics
TXN00774,CUST019,Retail,West,2023-10-05,5091.22,CLOSED,Segment A,Logistics
TXN00775,CUST018,Retail,South,2023-04-01,1515.64,ACTIVE,Segment C,Logistics
TXN00776,CUST017,Manufacturing,South,2024-01-28,7380.85,ACTIVE,Segment B,Industrial
TXN00777,CUST058,Manufacturing,West,2024-10-06,5597.36,ACTIVE,Segment A,Office
TXN00778,CUST018,Wholesale,West,2023-03-30,-1464.01,ACTIVE,Segment C,Industrial
TXN00779,CUST007,Wholesale,East,2024-10-02,4665.41,ACTIVE,Segment B,Consumer
TXN00780,CUST018,Wholesale,South,2023-09-27,5477.71,CLOSED,Segment C,Office
TXN00781,CUST023,Manufacturing,West,2023-10-18,8132.27,ACTIVE,Segment C,Industrial
TXN00782,CUST036,Retail,North,2023-10-15,4110.69,ACTIVE,Segment A,Industrial
TXN00783,CUST016,Manufacturing,East,2024-11-12,6639.1,ACTIVE,Segment B,Office
TXN00784,CUST005,Wholesale,West,2024-05-12,-645.05,PENDING,Segment B,Industrial
TXN00785,CUST057,Retail,West,2024-10-24,-50.59,ACTIVE,Segment A,Consumer
TXN00786,CUST042,Manufacturing,West,2024-07-16,4028.94,ACTIVE,Segment C,Industrial
TXN00787,CUST048,Retail,East,2024-07-16,5173.6,ACTIVE,Segment A,Logistics
TXN00788,CUST007,Manufacturing,North,2023-12-15,4628.5,ACTIVE,Segment C,Consumer
TXN00789,CUST039,Wholesale,East,2024-03-25,2079.57,ACTIVE,Segment A,Industrial
TXN00790,CUST059,Wholesale,West,2024-12-19,1695.6,CLOSED,Segment C,Office
TXN00791,CUST004,Retail,West,2024-04-01,7351.13,ACTIVE,Segment A,Industrial
TXN00792,CUST025,Wholesale,East,2024-01-02,6487.25,ACTIVE,Segment C,Consumer
TXN00793,CUST046,Manufacturing,East,2023-09-10,4546.09,ACTIVE,Segment A,Consumer
TXN00794,CUST047,Retail,West,2024-03-06,8419.33,CLOSED,Segment B,Logistics
TXN00795,CUST008,Wholesale,East,2023-11-14,3584.39,ACTIVE,Segment B,Consumer
TXN00796,CUST025,Retail,South,2023-03-02,5105.38,CLOSED,Segment C,Office
TXN00797,CUST035,Retail,South,2024-06-03,4790.78,PENDING,Segment A,Office
TXN00798,CUST022,Manufacturing,West,2023-02-06,3593.24,PENDING,Segment B,Logistics
TXN00799,CUST021,Wholesale,South,2023-10-12,4711.16,CLOSED,Segment B,Consumer
TXN00800,CUST015,Retail,West,2024-06-08,4958.12,ACTIVE,Segment B,Consumer
TXN00801,CUST009,Retail,South,2024-05-12,2537.11,ACTIVE,Segment A,Consumer
TXN00802,CUST049,Manufacturing,East,2023-03-09,3502.55,ACTIVE,Segment A,Office
TXN00803,CUST053,Retail,West,2023-10-06,8126.14,PENDING,Segment C,Industrial
TXN00804,CUST014,Retail,North,2023-11-17,2735.13,ACTIVE,Segment B,Consumer
TXN00805,CUST028,Manufacturing,South,2023-12-12,5621.45,ACTIVE,Segment B,Consumer
TXN00806,CUST029,Manufacturing,West,2023-07-02,5955.56,PENDING,Segment C,Industrial
TXN00807,CUST036,Retail,West,2024-05-27,8924.98,PENDING,Segment A,Industrial
TXN00808,CUST054,Manufacturing,East,2023-11-10,802.98,ACTIVE,Segment A,Logistics
TXN00809,CUST012,Manufacturing,North,2023-10-03,4484.26,ACTIVE,Segment B,Logistics
TXN00810,CUST016,Wholesale,East,2024-12-16,4278.52,ACTIVE,Segment B,Consumer
TXN00811,CUST013,Retail,West,2024-12-08,7687.29,ACTIVE,Segment B,Consumer
TXN00812,CUST043,Manufacturing,East,2024-02-14,-1871.39,ACTIVE,Segment A,Office
TXN00813,CUST025,Wholesale,West,2023-07-20,3296.49,ACTIVE,Segment A,Industrial
TXN00814,CUST040,Wholesale,East,2023-11-03,2789.29,CLOSED,Segment B,Office
TXN00815,CUST014,Wholesale,West,2023-05-25,7599.26,ACTIVE,Segment B,Office
TXN00816,CUST050,Wholesale,North,2023-10-28,5455.15,CLOSED,Segment B,Logistics
TXN00817,CUST051,Wholesale,South,2024-01-19,9508.34,ACTIVE,Segment B,Logistics
TXN00818,CUST018,Retail,North,2023-01-08,3165.34,ACTIVE,Segment C,Industrial
TXN00819,CUST013,Retail,North,2023-04-14,5876.13,ACTIVE,Segment C,Logistics
TXN00820,CUST019,Retail,East,2024-01-05,3967.16,ACTIVE,Segment A,Logistics
TXN00821,CUST050,Manufacturing,South,2024-06-29,-1588.55,CLOSED,Segment B,Consumer
TXN00822,CUST048,Manufacturing,North,2023-03-10,2960.57,CLOSED,Segment B,Logistics
TXN00823,CUST054,Wholesale,North,2023-10-05,1200.53,CLOSED,Segment B,Consumer
TXN00824,CUST051,Manufacturing,North,2024-07-21,8262.34,ACTIVE,Segment C,Consumer
TXN00825,CUST040,Manufacturing,East,2023-11-04,9787.65,CLOSED,Segment B,Office
TXN00826,CUST059,Wholesale,South,2023-06-14,6513.25,ACTIVE,Segment C,Logistics
TXN00827,CUST005,Retail,West,2023-07-15,4039.25,ACTIVE,Segment A,Consumer
TXN00828,CUST018,Manufacturing,North,2023-09-08,4529.71,ACTIVE,Segment B,Logistics
TXN00829,CUST018,Manufacturing,West,2023-01-24,3105.19,ACTIVE,Segment C,Office
TXN00830,CUST022,Retail,South,2024-01-14,2769.27,CLOSED,Segment B,Logistics
TXN00831,CUST033,Manufacturing,East,2023-08-17,4662.81,ACTIVE,Segment B,Consumer
TXN00832,CUST033,Manufacturing,East,2024-01-01,3766.51,CLOSED,Segment A,Industrial
TXN00833,CUST004,Manufacturing,North,2023-03-29,1478.82,ACTIVE,Segment A,Consumer
TXN00834,CUST023,Manufacturing,East,2024-10-02,2240.59,ACTIVE,Segment C,Industrial
TXN00835,CUST058,Retail,West,2023-02-22,3251.76,ACTIVE,Segment A,Industrial
TXN00836,CUST056,Retail,West,2023-09-22,3669.79,CLOSED,Segment C,Consumer
TXN00837,CUST020,Manufacturing,North,2024-12-28,4148.16,ACTIVE,Segment C,Consumer
TXN00838,CUST038,Wholesale,North,2023-07-29,6228.39,ACTIVE,Segment B,Logistics
TXN00839,CUST044,Manufacturing,East,2023-10-13,1954.17,ACTIVE,Segment A,Consumer
TXN00840,CUST005,Manufacturing,North,2024-10-29,4597.89,PENDING,Segment C,Industrial
TXN00841,CUST012,Retail,East,2023-06-16,3992.97,ACTIVE,Segment C,Office
TXN00842,CUST006,Wholesale,North,2023-06-25,1878.2,ACTIVE,Segment B,Logistics
TXN00843,CUST026,Retail,East,2023-03-04,801.95,ACTIVE,Segment A,Logistics
TXN00844,CUST001,Retail,North,2023-05-17,6048.7,ACTIVE,Segment C,Logistics
TXN00845,CUST025,Manufacturing,South,2023-07-28,10807.18,ACTIVE,Segment B,Logistics
TXN00846,CUST057,Wholesale,North,2023-11-01,7322.63,ACTIVE,Segment B,Consumer
TXN00847,CUST043,Wholesale,West,2024-05-19,1139.18,ACTIVE,Segment C,Industrial
TXN00848,CUST049,Wholesale,East,2024-09-02,7249.75,ACTIVE,Segment B,Office
TXN00849,CUST024,Retail,East,2024-10-20,-599.16,ACTIVE,Segment C,Office
TXN00850,CUST015,Wholesale,South,2023-10-06,3301.6,CLOSED,Segment A,Logistics
TXN00851,CUST047,Retail,South,2023-12-13,3184.51,ACTIVE,Segment B,Logistics
TXN00852,CUST057,Manufacturing,West,2024-06-03,7736.95,ACTIVE,Segment B,Office
TXN00853,CUST015,Retail,West,2023-06-25,5160.58,CLOSED,Segment C,Consumer
TXN00854,CUST014,Retail,West,2024-04-05,2389.19,ACTIVE,Segment B,Office
TXN00855,CUST005,Manufacturing,East,2024-05-29,6273.65,ACTIVE,Segment B,Logistics
TXN00856,CUST014,Manufacturing,South,2023-03-24,-428.17,ACTIVE,Segment B,Office
TXN00857,CUST048,Manufacturing,West,2023-03-16,3754.0,ACTIVE,Segment B,Office
TXN00858,CUST049,Manufacturing,East,2024-11-24,4353.09,ACTIVE,Segment A,Consumer
TXN00859,CUST059,Wholesale,East,2023-10-16,4798.86,ACTIVE,Segment A,Industrial
TXN00860,CUST025,Retail,West,2024-01-12,-1556.1,ACTIVE,Segment C,Consumer
TXN00861,CUST010,Wholesale,South,2023-09-30,-5015.3,ACTIVE,Segment A,Office
TXN00862,CUST044,Retail,West,2023-01-26,3901.71,ACTIVE,Segment B,Office
TXN00863,CUST007,Retail,East,2023-07-09,3666.06,ACTIVE,Segment C,Consumer
TXN00864,CUST016,Manufacturing,East,2024-02-22,4042.01,ACTIVE,Segment A,Industrial
TXN00865,CUST057,Manufacturing,South,2023-04-18,3788.99,CLOSED,Segment C,Logistics
TXN00866,CUST001,Retail,North,2023-07-16,-74.36,ACTIVE,Segment B,Office
TXN00867,CUST030,Manufacturing,South,2024-11-21,5530.15,ACTIVE,Segment C,Consumer
TXN00868,CUST032,Manufacturing,North,2024-07-31,5868.75,ACTIVE,Segment A,Logistics
TXN00869,CUST026,Wholesale,South,2024-04-01,3103.05,PENDING,Segment C,Industrial
TXN00870,CUST043,Retail,West,2023-10-23,2704.6,CLOSED,Segment C,Consumer
TXN00871,CUST042,Manufacturing,West,2023-11-23,-2997.88,ACTIVE,Segment C,Industrial
TXN00872,CUST052,Wholesale,South,2024-06-16,5102.3,CLOSED,Segment B,Office
TXN00873,CUST058,Wholesale,West,2023-05-29,5217.23,ACTIVE,Segment B,Logistics
TXN00874,CUST008,Retail,South,2023-08-14,2691.54,ACTIVE,Segment B,Office
TXN00875,CUST057,Manufacturing,West,2024-08-30,4888.84,ACTIVE,Segment B,Industrial
TXN00876,CUST007,Manufacturing,South,2023-08-16,10772.69,CLOSED,Segment A,Consumer
TXN00877,CUST025,Manufacturing,East,2024-08-09,3130.96,ACTIVE,Segment B,Logistics
TXN00878,CUST031,Wholesale,West,2024-06-12,1103.89,CLOSED,Segment C,Consumer
TXN00879,CUST050,Manufacturing,West,2024-04-02,3289.57,ACTIVE,Segment C,Logistics
TXN00880,CUST056,Wholesale,West,2024-10-06,6572.71,ACTIVE,Segment B,Logistics
TXN00881,CUST055,Manufacturing,North,2024-05-08,4813.44,CLOSED,Segment A,Consumer
TXN00882,CUST005,Wholesale,South,2023-02-21,3576.95,ACTIVE,Segment B,Office
TXN00883,CUST032,Retail,South,2023-09-10,6067.22,ACTIVE,Segment A,Logistics
TXN00884,CUST018,Manufacturing,North,2024-12-23,2003.45,ACTIVE,Segment A,Logistics
TXN00885,CUST015,Manufacturing,South,2023-03-10,537.91,CLOSED,Segment C,Logistics
TXN00886,CUST048,Manufacturing,East,2023-11-15,789.85,ACTIVE,Segment B,Office
TXN00887,CUST021,Manufacturing,East,2024-01-30,6396.89,PENDING,Segment B,Consumer
TXN00888,CUST052,Retail,East,2024-07-04,6069.49,ACTIVE,Segment A,Consumer
TXN00889,CUST010,Retail,South,2023-03-14,6306.1,ACTIVE,Segment C,Office
TXN00890,CUST021,Retail,West,2024-10-06,9453.26,ACTIVE,Segment C,Consumer
TXN00891,CUST048,Wholesale,North,2023-12-04,1440.87,ACTIVE,Segment B,Logistics
TXN00892,CUST006,Manufacturing,South,2023-08-03,-1521.32,ACTIVE,Segment A,Office
TXN00893,CUST009,Manufacturing,East,2024-10-30,2771.99,ACTIVE,Segment A,Consumer
TXN00894,CUST034,Wholesale,South,2023-05-17,-428.06,ACTIVE,Segment B,Logistics
TXN00895,CUST038,Wholesale,West,2024-03-24,7299.0,ACTIVE,Segment A,Industrial
TXN00896,CUST031,Wholesale,North,2024-11-25,4953.25,ACTIVE,Segment C,Industrial
TXN00897,CUST053,Wholesale,North,2023-03-23,7264.97,ACTIVE,Segment A,Office
TXN00898,CUST011,Wholesale,West,2023-05-28,7062.04,ACTIVE,Segment B,Logistics
TXN00899,CUST039,Manufacturing,South,2024-04-19,1192.95,PENDING,Segment B,Industrial
TXN00900,CUST052,Wholesale,North,2023-07-24,1295.14,PENDING,Segment C,Industrial
TXN00901,CUST048,Retail,West,2023-12-05,3871.73,CLOSED,Segment B,Industrial
TXN00902,CUST046,Wholesale,North,2023-01-01,10600.95,ACTIVE,Segment C,Logistics
TXN00903,CUST056,Retail,East,2023-08-26,2397.67,ACTIVE,Segment C,Industrial
TXN00904,CUST035,Manufacturing,North,2023-06-01,2265.91,ACTIVE,Segment C,Industrial
TXN00905,CUST035,Manufacturing,East,2024-11-19,864.17,ACTIVE,Segment A,Industrial
TXN00906,CUST025,Retail,North,2024-07-06,9043.23,ACTIVE,Segment A,Office
TXN00907,CUST033,Manufacturing,North,2023-07-10,2163.67,PENDING,Segment C,Industrial
TXN00908,CUST035,Retail,South,2024-05-02,3728.48,ACTIVE,Segment C,Industrial
TXN00909,CUST060,Wholesale,North,2024-07-22,3523.65,ACTIVE,Segment B,Consumer
TXN00910,CUST029,Manufacturing,South,2024-11-02,1343.07,ACTIVE,Segment C,Consumer
TXN00911,CUST055,Retail,East,2024-07-06,3648.43,ACTIVE,Segment B,Consumer
TXN00912,CUST036,Retail,West,2023-08-30,-6496.0,ACTIVE,Segment B,Logistics
TXN00913,CUST035,Manufacturing,North,2024-10-19,2784.58,ACTIVE,Segment B,Logistics
TXN00914,CUST022,Wholesale,South,2024-07-17,4582.15,ACTIVE,Segment A,Industrial
TXN00915,CUST058,Wholesale,South,2024-12-13,6578.07,ACTIVE,Segment C,Consumer
TXN00916,CUST034,Retail,West,2023-08-12,3152.15,ACTIVE,Segment C,Logistics
TXN00917,CUST044,Wholesale,South,2023-03-19,8902.61,ACTIVE,Segment B,Office
TXN00918,CUST023,Wholesale,West,2024-01-17,2832.58,CLOSED,Segment C,Industrial
TXN00919,CUST035,Retail,North,2024-08-16,105.84,CLOSED,Segment A,Logistics
TXN00920,CUST027,Manufacturing,South,2024-02-20,7215.86,ACTIVE,Segment B,Consumer
TXN00921,CUST018,Wholesale,West,2023-01-22,376.9,ACTIVE,Segment B,Office
TXN00922,CUST035,Retail,North,2024-11-26,4933.31,ACTIVE,Segment B,Consumer
TXN00923,CUST003,Manufacturing,West,2024-01-24,1859.58,ACTIVE,Segment C,Logistics
TXN00924,CUST002,Wholesale,South,2023-05-25,7121.14,ACTIVE,Segment A,Industrial
TXN00925,CUST041,Retail,East,2024-09-05,-1534.25,CLOSED,Segment B,Office
TXN00926,CUST057,Wholesale,North,2023-06-23,-842.53,ACTIVE,Segment A,Logistics
TXN00927,CUST036,Retail,South,2024-10-16,1041.86,CLOSED,Segment C,Office
TXN00928,CUST022,Manufacturing,West,2024-04-30,11460.01,ACTIVE,Segment A,Industrial
TXN00929,CUST041,Wholesale,North,2023-04-01,1087.69,CLOSED,Segment B,Industrial
TXN00930,CUST055,Manufacturing,West,2024-06-20,5702.51,PENDING,Segment B,Industrial
TXN00931,CUST041,Retail,East,2024-11-30,8732.45,ACTIVE,Segment B,Logistics
TXN00932,CUST015,Retail,South,2023-08-26,392.08,ACTIVE,Segment B,Industrial
TXN00933,CUST048,Manufacturing,East,2024-01-15,3239.47,ACTIVE,Segment B,Logistics
TXN00934,CUST045,Manufacturing,North,2024-01-16,6033.78,ACTIVE,Segment B,Industrial
TXN00935,CUST044,Wholesale,North,2023-12-21,8234.32,ACTIVE,Segment B,Consumer
TXN00936,CUST037,Retail,South,2024-07-29,575.13,ACTIVE,Segment B,Industrial
TXN00937,CUST003,Wholesale,West,2023-01-05,3598.03,CLOSED,Segment C,Logistics
TXN00938,CUST059,Retail,South,2024-05-28,4594.67,CLOSED,Segment B,Logistics
TXN00939,CUST052,Retail,North,2023-09-17,58.61,ACTIVE,Segment A,Logistics
TXN00940,CUST059,Manufacturing,East,2023-05-21,4430.65,ACTIVE,Segment B,Consumer
TXN00941,CUST018,Manufacturing,South,2024-10-01,5406.89,CLOSED,Segment B,Office
TXN00942,CUST057,Manufacturing,West,2024-10-31,4851.62,CLOSED,Segment A,Consumer
TXN00943,CUST042,Wholesale,North,2024-11-19,6275.61,CLOSED,Segment A,Logistics
TXN00944,CUST049,Manufacturing,West,2023-08-29,1147.72,ACTIVE,Segment B,Consumer
TXN00945,CUST001,Manufacturing,South,2023-08-23,1813.46,ACTIVE,Segment B,Office
TXN00946,CUST003,Retail,North,2024-06-17,8561.06,ACTIVE,Segment B,Industrial
TXN00947,CUST051,Manufacturing,West,2023-06-02,-739.33,ACTIVE,Segment B,Consumer
TXN00948,CUST053,Retail,North,2023-01-28,-526.03,CLOSED,Segment A,Logistics
TXN00949,CUST019,Manufacturing,East,2023-12-15,2855.19,ACTIVE,Segment B,Consumer
TXN00950,CUST036,Wholesale,North,2024-01-23,1885.21,ACTIVE,Segment C,Office
TXN00951,CUST008,Manufacturing,North,2023-01-23,3897.06,PENDING,Segment A,Industrial
TXN00952,CUST012,Retail,South,2023-10-14,2965.56,ACTIVE,Segment A,Logistics
TXN00953,CUST056,Retail,North,2024-09-25,1750.79,ACTIVE,Segment A,Logistics
TXN00954,CUST028,Manufacturing,East,2024-03-16,4573.12,ACTIVE,Segment B,Office
TXN00955,CUST024,Retail,South,2024-01-06,5298.01,CLOSED,Segment B,Office
TXN00956,CUST005,Retail,West,2023-05-08,4189.73,ACTIVE,Segment B,Consumer
TXN00957,CUST014,Manufacturing,West,2023-06-28,4629.92,CLOSED,Segment A,Logistics
TXN00958,CUST012,Wholesale,North,2024-11-22,7333.74,ACTIVE,Segment A,Office
TXN00959,CUST047,Wholesale,South,2024-09-13,5927.98,ACTIVE,Segment A,Industrial
TXN00960,CUST031,Retail,North,2024-02-02,1997.67,ACTIVE,Segment A,Consumer
TXN00961,CUST037,Manufacturing,North,2024-09-26,5710.56,ACTIVE,Segment A,Logistics
TXN00962,CUST022,Retail,West,2023-09-04,6599.22,ACTIVE,Segment B,Office
TXN00963,CUST024,Manufacturing,South,2023-11-01,4264.17,ACTIVE,Segment A,Logistics
TXN00964,CUST004,Manufacturing,South,2023-01-13,4801.96,ACTIVE,Segment B,Industrial
TXN00965,CUST002,Retail,North,2024-05-29,4161.42,ACTIVE,Segment B,Consumer
TXN00966,CUST028,Wholesale,South,2024-12-28,3030.01,ACTIVE,Segment A,Logistics
TXN00967,CUST027,Retail,East,2024-03-26,5829.16,ACTIVE,Segment C,Consumer
TXN00968,CUST033,Retail,West,2023-01-01,7157.7,CLOSED,Segment B,Industrial
TXN00969,CUST045,Wholesale,East,2023-07-31,6402.07,ACTIVE,Segment C,Consumer
TXN00970,CUST050,Wholesale,North,2024-04-17,2376.28,ACTIVE,Segment C,Office
TXN00971,CUST018,Wholesale,East,2024-01-25,1530.19,ACTIVE,Segment A,Industrial
TXN00972,CUST044,Wholesale,East,2024-02-29,11020.38,ACTIVE,Segment B,Logistics
TXN00973,CUST001,Wholesale,South,2024-11-09,1176.56,ACTIVE,Segment B,Consumer
TXN00974,CUST047,Manufacturing,West,2024-04-03,4056.5,ACTIVE,Segment A,Consumer
TXN00975,CUST031,Retail,South,2023-09-03,503.4,CLOSED,Segment B,Logistics
TXN00976,CUST051,Retail,West,2024-10-29,1363.46,ACTIVE,Segment B,Office
TXN00977,CUST015,Wholesale,North,2023-12-31,6552.56,ACTIVE,Segment B,Office
TXN00978,CUST033,Manufacturing,North,2024-12-24,2055.79,ACTIVE,Segment B,Consumer
TXN00979,CUST052,Manufacturing,East,2024-10-30,3997.08,ACTIVE,Segment C,Office
TXN00980,CUST013,Retail,East,2023-06-09,5021.12,ACTIVE,Segment A,Industrial
TXN00981,CUST045,Wholesale,South,2023-06-11,3314.99,ACTIVE,Segment A,Office
TXN00982,CUST028,Wholesale,North,2023-07-14,3763.54,ACTIVE,Segment B,Consumer
TXN00983,CUST002,Manufacturing,North,2024-04-28,8656.04,ACTIVE,Segment B,Consumer
TXN00984,CUST004,Wholesale,West,2023-11-10,6377.06,ACTIVE,Segment B,Industrial
TXN00985,CUST053,Manufacturing,North,2023-07-19,3053.51,ACTIVE,Segment B,Industrial
TXN00986,CUST048,Wholesale,West,2023-10-04,-5073.2,ACTIVE,Segment A,Logistics
TXN00987,CUST049,Wholesale,South,2024-06-06,3813.95,ACTIVE,Segment C,Consumer
TXN00988,CUST009,Retail,North,2023-04-15,1973.42,ACTIVE,Segment B,Consumer
TXN00989,CUST058,Wholesale,East,2024-11-16,1314.88,ACTIVE,Segment A,Logistics
TXN00990,CUST011,Manufacturing,West,2023-02-17,4488.15,ACTIVE,Segment B,Logistics
TXN00991,CUST019,Manufacturing,West,2024-09-22,4536.15,ACTIVE,Segment A,Industrial
TXN00992,CUST013,Retail,East,2024-10-17,6353.56,ACTIVE,Segment B,Office
TXN00993,CUST003,Retail,East,2023-06-21,4010.8,ACTIVE,Segment C,Industrial
TXN00994,CUST050,Wholesale,West,2023-09-07,1758.33,ACTIVE,Segment A,Logistics
TXN00995,CUST021,Retail,North,2023-09-19,5550.5,PENDING,Segment B,Office
TXN00996,CUST058,Retail,South,2023-03-18,563.4,ACTIVE,Segment A,Industrial
TXN00997,CUST052,Manufacturing,North,2023-04-13,1864.34,ACTIVE,Segment C,Logistics
TXN00998,CUST036,Wholesale,East,2024-08-22,1473.63,ACTIVE,Segment A,Logistics
TXN00999,CUST029,Manufacturing,East,2024-04-03,5465.04,ACTIVE,Segment B,Office
TXN01000,CUST029,Manufacturing,West,2024-11-04,5356.89,CLOSED,Segment C,Consumer
TXN01001,CUST024,Manufacturing,West,2023-05-24,2225.9,ACTIVE,Segment A,Logistics
TXN01002,CUST057,Retail,North,2023-03-14,4742.63,ACTIVE,Segment C,Industrial
TXN01003,CUST037,Manufacturing,South,2024-05-06,-1.93,ACTIVE,Segment B,Logistics
TXN01004,CUST053,Manufacturing,North,2024-02-18,177.88,ACTIVE,Segment A,Office
TXN01005,CUST052,Wholesale,West,2023-11-18,-4447.42,ACTIVE,Segment A,Industrial
TXN01006,CUST029,Wholesale,South,2024-05-18,6876.72,CLOSED,Segment A,Office
TXN01007,CUST022,Manufacturing,West,2024-08-21,3957.21,CLOSED,Segment A,Office
TXN01008,CUST040,Wholesale,South,2024-10-06,7419.56,ACTIVE,Segment A,Industrial
TXN01009,CUST001,Retail,North,2023-04-14,2703.49,ACTIVE,Segment C,Consumer
TXN01010,CUST048,Retail,West,2023-10-30,7729.42,ACTIVE,Segment C,Logistics
TXN01011,CUST051,Manufacturing,East,2024-08-31,1364.06,ACTIVE,Segment A,Consumer
TXN01012,CUST022,Wholesale,West,2023-04-25,4249.48,ACTIVE,Segment A,Office
TXN01013,CUST005,Wholesale,West,2023-08-11,2733.91,ACTIVE,Segment B,Consumer
TXN01014,CUST026,Wholesale,South,2024-02-02,1472.75,ACTIVE,Segment A,Logistics
TXN01015,CUST056,Manufacturing,North,2023-09-05,4538.57,ACTIVE,Segment C,Logistics
TXN01016,CUST044,Wholesale,West,2024-02-01,-570.24,ACTIVE,Segment C,Office
TXN01017,CUST050,Wholesale,East,2024-08-28,2066.95,ACTIVE,Segment B,Industrial
TXN01018,CUST015,Manufacturing,South,2024-07-05,7812.06,ACTIVE,Segment B,Industrial
TXN01019,CUST041,Manufacturing,West,2023-01-26,2906.07,ACTIVE,Segment C,Industrial
TXN01020,CUST033,Manufacturing,East,2023-08-14,1954.3,PENDING,Segment A,Logistics
TXN01021,CUST007,Wholesale,East,2024-01-29,2703.44,ACTIVE,Segment B,Logistics
TXN01022,CUST044,Retail,South,2023-12-08,5439.68,CLOSED,Segment A,Office
TXN01023,CUST030,Retail,South,2024-06-17,6365.75,ACTIVE,Segment A,Office
TXN01024,CUST034,Retail,North,2023-06-27,5719.5,ACTIVE,Segment B,Logistics
TXN01025,CUST043,Wholesale,West,2024-12-09,4077.64,ACTIVE,Segment B,Consumer
TXN01026,CUST054,Manufacturing,East,2023-11-15,4372.26,ACTIVE,Segment C,Consumer
TXN01027,CUST050,Wholesale,West,2023-08-06,1283.5,CLOSED,Segment A,Consumer
TXN01028,CUST037,Retail,North,2023-11-28,1497.11,ACTIVE,Segment B,Logistics
TXN01029,CUST015,Wholesale,North,2024-12-28,1648.64,PENDING,Segment B,Logistics
TXN01030,CUST003,Retail,South,2023-01-24,4604.06,ACTIVE,Segment B,Office
TXN01031,CUST002,Manufacturing,South,2024-03-29,2484.57,CLOSED,Segment B,Industrial
TXN01032,CUST026,Manufacturing,South,2024-07-03,5058.89,ACTIVE,Segment C,Consumer
TXN01033,CUST058,Wholesale,South,2023-11-25,1680.2,CLOSED,Segment C,Consumer
TXN01034,CUST047,Wholesale,West,2023-12-03,5016.17,ACTIVE,Segment C,Consumer
TXN01035,CUST033,Retail,West,2023-12-23,-2105.47,ACTIVE,Segment B,Industrial
TXN01036,CUST017,Manufacturing,East,2023-06-09,969.03,CLOSED,Segment A,Industrial
TXN01037,CUST040,Retail,East,2024-05-13,3458.41,ACTIVE,Segment A,Industrial
TXN01038,CUST043,Retail,North,2024-01-12,7861.55,ACTIVE,Segment A,Consumer
TXN01039,CUST034,Manufacturing,West,2023-12-16,369.79,ACTIVE,Segment B,Logistics
TXN01040,CUST013,Manufacturing,South,2023-06-30,3859.93,ACTIVE,Segment B,Consumer
TXN01041,CUST032,Retail,North,2024-08-21,7493.78,ACTIVE,Segment A,Industrial
TXN01042,CUST023,Wholesale,South,2024-07-07,3511.43,ACTIVE,Segment C,Logistics
TXN01043,CUST039,Retail,South,2023-01-23,-674.14,ACTIVE,Segment B,Consumer
TXN01044,CUST035,Wholesale,East,2024-11-15,1286.28,ACTIVE,Segment C,Industrial
TXN01045,CUST001,Wholesale,South,2023-11-02,9797.58,ACTIVE,Segment B,Consumer
TXN01046,CUST021,Manufacturing,North,2023-07-25,-8823.12,ACTIVE,Segment C,Consumer
TXN01047,CUST009,Retail,North,2023-02-06,9022.07,ACTIVE,Segment B,Consumer
TXN01048,CUST050,Retail,South,2024-09-02,5108.63,PENDING,Segment C,Consumer
TXN01049,CUST025,Wholesale,South,2024-07-16,5859.89,ACTIVE,Segment B,Office
TXN01050,CUST023,Manufacturing,South,2023-01-14,1593.14,PENDING,Segment B,Industrial
TXN01051,CUST059,Wholesale,East,2023-07-07,5667.81,ACTIVE,Segment A,Consumer
TXN01052,CUST054,Wholesale,East,2023-11-26,4473.06,ACTIVE,Segment A,Logistics
TXN01053,CUST057,Wholesale,North,2023-01-15,7253.35,ACTIVE,Segment A,Office
TXN01054,CUST058,Manufacturing,South,2023-07-07,5292.72,ACTIVE,Segment B,Logistics
TXN01055,CUST050,Wholesale,East,2023-06-16,803.7,ACTIVE,Segment C,Office
TXN01056,CUST039,Manufacturing,South,2023-02-07,1900.91,ACTIVE,Segment B,Consumer
TXN01057,CUST051,Wholesale,North,2024-06-07,-3160.62,CLOSED,Segment B,Logistics
TXN01058,CUST056,Manufacturing,West,2023-08-08,3435.67,ACTIVE,Segment C,Industrial
TXN01059,CUST022,Manufacturing,West,2023-04-27,7372.5,ACTIVE,Segment C,Office
TXN01060,CUST034,Wholesale,East,2023-05-23,2219.89,CLOSED,Segment C,Logistics
TXN01061,CUST027,Wholesale,East,2024-07-18,3568.1,ACTIVE,Segment B,Logistics
TXN01062,CUST030,Wholesale,West,2023-02-25,2162.29,CLOSED,Segment A,Industrial
TXN01063,CUST018,Wholesale,West,2023-01-31,8103.37,ACTIVE,Segment B,Logistics
TXN01064,CUST048,Manufacturing,East,2024-11-10,3675.35,ACTIVE,Segment C,Office
TXN01065,CUST019,Retail,South,2023-02-08,-4751.54,ACTIVE,Segment A,Consumer
TXN01066,CUST019,Retail,North,2024-09-07,-1209.72,PENDING,Segment A,Office
TXN01067,CUST035,Retail,South,2023-04-04,-5426.56,ACTIVE,Segment B,Logistics
TXN01068,CUST011,Manufacturing,North,2023-11-08,9221.13,ACTIVE,Segment A,Consumer
TXN01069,CUST037,Manufacturing,South,2023-05-02,1487.72,ACTIVE,Segment B,Consumer
TXN01070,CUST025,Retail,North,2024-05-07,6129.34,ACTIVE,Segment B,Logistics
TXN01071,CUST004,Retail,North,2024-09-24,2132.58,ACTIVE,Segment C,Industrial
TXN01072,CUST049,Manufacturing,East,2024-02-22,7154.48,ACTIVE,Segment B,Industrial
TXN01073,CUST004,Wholesale,East,2024-12-18,4489.11,CLOSED,Segment A,Logistics
TXN01074,CUST024,Manufacturing,South,2023-05-24,2374.57,ACTIVE,Segment A,Logistics
TXN01075,CUST030,Manufacturing,North,2023-05-21,-320.41,CLOSED,Segment A,Consumer
TXN01076,CUST023,Wholesale,North,2023-11-09,-1600.51,ACTIVE,Segment B,Consumer
TXN01077,CUST048,Wholesale,North,2023-05-18,5791.84,ACTIVE,Segment A,Industrial
TXN01078,CUST034,Wholesale,West,2023-03-14,4248.0,CLOSED,Segment B,Logistics
TXN01079,CUST045,Wholesale,North,2023-01-24,2577.12,PENDING,Segment B,Logistics
TXN01080,CUST024,Manufacturing,South,2023-05-26,-3109.2,CLOSED,Segment A,Industrial
TXN01081,CUST019,Retail,South,2023-07-17,1774.17,ACTIVE,Segment A,Logistics
TXN01082,CUST030,Manufacturing,South,2024-02-24,-911.56,CLOSED,Segment A,Office
TXN01083,CUST002,Wholesale,North,2023-06-17,5918.38,ACTIVE,Segment C,Logistics
TXN01084,CUST036,Wholesale,East,2023-05-17,5976.25,ACTIVE,Segment C,Consumer
TXN01085,CUST007,Manufacturing,West,2024-03-26,4051.33,ACTIVE,Segment A,Logistics
TXN01086,CUST007,Retail,South,2024-09-23,1623.21,ACTIVE,Segment B,Consumer
TXN01087,CUST001,Retail,East,2023-11-21,3204.06,ACTIVE,Segment B,Industrial
TXN01088,CUST031,Wholesale,East,2023-07-29,3071.06,ACTIVE,Segment A,Consumer
TXN01089,CUST011,Retail,East,2023-04-09,1174.02,ACTIVE,Segment A,Industrial
TXN01090,CUST051,Wholesale,East,2024-01-16,5008.84,ACTIVE,Segment B,Industrial
TXN01091,CUST035,Retail,West,2024-06-28,3882.85,ACTIVE,Segment B,Logistics
TXN01092,CUST008,Wholesale,South,2024-04-12,1268.39,ACTIVE,Segment B,Consumer
TXN01093,CUST029,Retail,South,2023-02-19,5754.0,ACTIVE,Segment A,Industrial
TXN01094,CUST018,Wholesale,East,2024-03-12,-958.07,CLOSED,Segment B,Logistics
TXN01095,CUST012,Retail,North,2023-03-17,-1961.08,ACTIVE,Segment A,Office
TXN01096,CUST050,Manufacturing,West,2024-10-21,-1793.19,ACTIVE,Segment A,Logistics
TXN01097,CUST045,Manufacturing,North,2024-10-09,5673.83,ACTIVE,Segment B,Logistics
TXN01098,CUST007,Wholesale,West,2023-01-25,246.69,ACTIVE,Segment C,Industrial
TXN01099,CUST051,Retail,East,2023-08-06,3171.45,ACTIVE,Segment B,Industrial
TXN01100,CUST029,Manufacturing,North,2024-09-19,8584.87,CLOSED,Segment C,Office
TXN01101,CUST037,Retail,East,2024-03-22,6122.57,ACTIVE,Segment A,Office
TXN01102,CUST055,Manufacturing,East,2023-05-19,3242.67,ACTIVE,Segment C,Industrial
TXN01103,CUST032,Manufacturing,East,2024-08-15,3268.91,ACTIVE,Segment A,Industrial
TXN01104,CUST060,Retail,East,2023-01-17,-396.37,ACTIVE,Segment B,Industrial
TXN01105,CUST014,Manufacturing,East,2024-02-28,9001.86,ACTIVE,Segment C,Office
TXN01106,CUST008,Retail,East,2023-02-12,-250.48,ACTIVE,Segment B,Logistics
TXN01107,CUST041,Retail,West,2024-10-06,5298.01,PENDING,Segment B,Consumer
TXN01108,CUST005,Manufacturing,South,2024-09-05,920.05,ACTIVE,Segment A,Logistics
TXN01109,CUST017,Manufacturing,South,2024-08-01,6519.89,ACTIVE,Segment B,Consumer
TXN01110,CUST010,Retail,East,2024-01-31,2691.14,ACTIVE,Segment C,Logistics
TXN01111,CUST052,Retail,South,2024-08-22,6688.8,ACTIVE,Segment B,Consumer
TXN01112,CUST013,Retail,West,2023-10-24,588.0,ACTIVE,Segment C,Logistics
TXN01113,CUST028,Manufacturing,West,2023-06-19,2277.24,ACTIVE,Segment A,Office
TXN01114,CUST031,Retail,North,2024-09-06,-681.29,CLOSED,Segment A,Consumer
TXN01115,CUST051,Manufacturing,North,2024-04-15,1748.56,ACTIVE,Segment B,Industrial
TXN01116,CUST016,Manufacturing,East,2023-02-07,2851.46,ACTIVE,Segment B,Industrial
TXN01117,CUST033,Manufacturing,East,2024-09-05,9573.1,ACTIVE,Segment C,Logistics
TXN01118,CUST033,Wholesale,West,2023-12-14,3723.1,CLOSED,Segment A,Industrial
TXN01119,CUST021,Manufacturing,West,2023-08-22,3623.43,ACTIVE,Segment A,Office
TXN01120,CUST036,Manufacturing,South,2024-11-26,3303.02,ACTIVE,Segment B,Logistics
TXN01121,CUST042,Manufacturing,East,2023-11-15,1489.85,PENDING,Segment A,Logistics
TXN01122,CUST002,Wholesale,North,2024-07-16,1547.71,ACTIVE,Segment A,Logistics
TXN01123,CUST024,Manufacturing,East,2024-03-02,4636.23,ACTIVE,Segment B,Industrial
TXN01124,CUST033,Manufacturing,North,2023-09-06,823.8,ACTIVE,Segment A,Industrial
TXN01125,CUST050,Manufacturing,South,2024-01-03,4146.87,ACTIVE,Segment C,Industrial
TXN01126,CUST028,Wholesale,North,2024-08-23,3848.49,ACTIVE,Segment A,Logistics
TXN01127,CUST005,Wholesale,West,2024-01-21,6224.62,ACTIVE,Segment B,Logistics
TXN01128,CUST006,Wholesale,West,2024-01-27,8857.95,CLOSED,Segment B,Office
TXN01129,CUST037,Wholesale,West,2023-12-08,6382.84,ACTIVE,Segment B,Logistics
TXN01130,CUST009,Manufacturing,South,2023-06-24,5766.16,CLOSED,Segment A,Consumer
TXN01131,CUST032,Manufacturing,North,2023-04-06,7636.84,CLOSED,Segment C,Logistics
TXN01132,CUST021,Retail,North,2024-07-27,8474.24,ACTIVE,Segment B,Office
TXN01133,CUST040,Retail,East,2024-08-30,8333.09,ACTIVE,Segment A,Industrial
TXN01134,CUST041,Manufacturing,North,2024-06-30,-531.88,PENDING,Segment B,Logistics
TXN01135,CUST060,Manufacturing,South,2023-01-24,7224.45,PENDING,Segment B,Industrial
TXN01136,CUST016,Wholesale,South,2023-09-22,1652.32,ACTIVE,Segment A,Office
TXN01137,CUST049,Retail,North,2023-03-18,-6828.93,ACTIVE,Segment B,Office
TXN01138,CUST002,Manufacturing,East,2024-09-18,231.94,ACTIVE,Segment A,Office
TXN01139,CUST050,Retail,West,2024-07-01,4310.09,ACTIVE,Segment B,Office
TXN01140,CUST027,Wholesale,West,2024-01-08,1801.62,ACTIVE,Segment A,Office
TXN01141,CUST004,Wholesale,North,2024-09-28,9780.92,ACTIVE,Segment B,Logistics
TXN01142,CUST018,Wholesale,South,2024-10-27,2978.37,ACTIVE,Segment A,Logistics
TXN01143,CUST056,Retail,South,2024-01-21,639.57,ACTIVE,Segment A,Consumer
TXN01144,CUST037,Manufacturing,West,2024-01-28,992.71,ACTIVE,Segment A,Logistics
TXN01145,CUST058,Manufacturing,North,2024-12-13,5469.52,ACTIVE,Segment A,Office
TXN01146,CUST021,Retail,North,2024-09-25,-4800.72,ACTIVE,Segment B,Consumer
TXN01147,CUST021,Manufacturing,South,2024-11-07,5448.86,CLOSED,Segment C,Logistics
TXN01148,CUST007,Manufacturing,South,2023-03-26,-1576.59,ACTIVE,Segment B,Industrial
TXN01149,CUST030,Retail,West,2023-10-18,-204.16,ACTIVE,Segment B,Industrial
TXN01150,CUST038,Retail,North,2024-04-01,8660.02,CLOSED,Segment B,Consumer
TXN01151,CUST017,Wholesale,East,2023-06-04,8116.94,CLOSED,Segment B,Industrial
TXN01152,CUST004,Wholesale,East,2023-03-09,2827.0,ACTIVE,Segment A,Logistics
TXN01153,CUST033,Retail,West,2023-05-29,4441.82,ACTIVE,Segment C,Industrial
TXN01154,CUST023,Wholesale,North,2023-08-14,1755.15,PENDING,Segment A,Industrial
TXN01155,CUST036,Manufacturing,East,2023-09-10,-2307.61,ACTIVE,Segment A,Consumer
TXN01156,CUST060,Manufacturing,West,2023-02-28,-1141.72,ACTIVE,Segment A,Industrial
TXN01157,CUST022,Manufacturing,South,2024-09-26,8010.58,CLOSED,Segment B,Office
TXN01158,CUST007,Manufacturing,East,2024-09-15,1492.2,ACTIVE,Segment A,Office
TXN01159,CUST050,Manufacturing,South,2023-11-06,5798.84,ACTIVE,Segment C,Office
TXN01160,CUST046,Wholesale,South,2023-03-05,4524.32,ACTIVE,Segment C,Office
TXN01161,CUST051,Retail,South,2023-08-09,2158.04,ACTIVE,Segment B,Office
TXN01162,CUST044,Retail,South,2023-07-17,602.49,ACTIVE,Segment C,Office
TXN01163,CUST005,Retail,West,2024-08-02,1907.63,ACTIVE,Segment C,Office
TXN01164,CUST054,Wholesale,East,2024-07-27,5290.88,ACTIVE,Segment A,Office
TXN01165,CUST011,Retail,North,2023-12-07,-2012.36,ACTIVE,Segment A,Consumer
TXN01166,CUST022,Wholesale,South,2023-06-27,5458.42,ACTIVE,Segment A,Industrial
TXN01167,CUST043,Wholesale,East,2024-08-02,3481.53,ACTIVE,Segment B,Office
TXN01168,CUST043,Wholesale,West,2023-03-12,3039.22,ACTIVE,Segment A,Consumer
TXN01169,CUST015,Retail,South,2024-01-07,3530.41,ACTIVE,Segment B,Industrial
TXN01170,CUST018,Manufacturing,East,2023-05-04,5410.01,ACTIVE,Segment C,Industrial
TXN01171,CUST018,Retail,South,2023-02-01,4561.25,CLOSED,Segment B,Office
TXN01172,CUST006,Retail,South,2024-10-22,5106.86,ACTIVE,Segment C,Office
TXN01173,CUST030,Wholesale,North,2024-02-23,5433.45,ACTIVE,Segment C,Industrial
TXN01174,CUST029,Wholesale,West,2023-12-22,112.91,ACTIVE,Segment C,Consumer
TXN01175,CUST053,Wholesale,North,2023-06-18,491.42,CLOSED,Segment B,Logistics
TXN01176,CUST005,Manufacturing,North,2023-08-31,3307.95,ACTIVE,Segment A,Logistics
TXN01177,CUST036,Retail,West,2024-03-31,5367.09,PENDING,Segment A,Office
TXN01178,CUST031,Wholesale,South,2023-11-09,1008.75,ACTIVE,Segment B,Consumer
TXN01179,CUST057,Wholesale,North,2023-03-02,618.98,PENDING,Segment A,Logistics
TXN01180,CUST008,Wholesale,North,2023-12-03,2136.82,ACTIVE,Segment B,Logistics
TXN01181,CUST060,Retail,South,2024-10-30,5363.58,ACTIVE,Segment B,Consumer
TXN01182,CUST025,Manufacturing,West,2024-07-14,3195.93,ACTIVE,Segment C,Logistics
TXN01183,CUST045,Retail,North,2023-09-17,177.89,ACTIVE,Segment C,Logistics
TXN01184,CUST016,Wholesale,South,2023-11-19,3501.0,PENDING,Segment A,Office
TXN01185,CUST014,Wholesale,North,2023-05-23,9059.11,ACTIVE,Segment A,Logistics
TXN01186,CUST036,Wholesale,North,2024-08-28,4216.16,ACTIVE,Segment A,Office
TXN01187,CUST026,Retail,East,2024-06-07,7272.93,CLOSED,Segment B,Logistics
TXN01188,CUST038,Retail,South,2023-09-06,4879.91,CLOSED,Segment A,Logistics
TXN01189,CUST047,Manufacturing,West,2024-01-01,4021.12,ACTIVE,Segment A,Office
TXN01190,CUST001,Manufacturing,North,2024-01-24,2225.65,ACTIVE,Segment B,Consumer
TXN01191,CUST001,Wholesale,South,2023-04-01,10016.74,ACTIVE,Segment C,Office
TXN01192,CUST045,Manufacturing,South,2024-10-22,2353.69,ACTIVE,Segment C,Office
TXN01193,CUST038,Wholesale,South,2023-04-07,2867.61,CLOSED,Segment B,Logistics
TXN01194,CUST016,Retail,West,2024-03-06,6342.44,ACTIVE,Segment B,Logistics
TXN01195,CUST030,Wholesale,North,2024-04-08,1689.42,ACTIVE,Segment A,Office
TXN01196,CUST056,Retail,North,2023-11-14,4606.49,ACTIVE,Segment B,Office
TXN01197,CUST043,Wholesale,South,2023-01-30,4412.6,ACTIVE,Segment C,Logistics
TXN01198,CUST054,Wholesale,West,2023-07-07,4276.45,ACTIVE,Segment C,Logistics
TXN01199,CUST029,Retail,South,2023-02-24,6190.47,ACTIVE,Segment B,Industrial
TXN01200,CUST023,Retail,North,2023-11-14,8615.05,ACTIVE,Segment B,Logistics
TXN00001,CUST052,Wholesale,South,2023-05-11,4625.49,ACTIVE,Segment B,Consumer
TXN99999,,Unknown,North,,5000.0,ACTIVE,Segment A,Consumer
TXN99998,CUST001,Retail,West,2025-01-15,1200.0,PENDING,Segment C,Office
